event_name,category,byline,event_url,venue,venue_url,street,city,state,zip_code,event_time,attendees,upvotes,event_id,is_free,is_series,series_info,has_ticket_button,ticket_url,extra_text,page
Surfside Sundays,sports,,/events/2026/8/26/surfside-sundays-tickets,Stateside Live!,/venues/stateside-live,1100 Pattison Avenue,Philadelphia,PA,19148,7:00PM,1,2,17769732,FALSE,TRUE,Through Sep 27,FALSE,NA,NA,1
Lil Helleion's Horror Movie Club,film,Shadowscene Presents,/events/2026/9/16/lil-helleions-horror-movie-club-tickets,Philly Venue TBA,/venues/philly-venue-tba,NA,NA,NA,NA,4:00PM,50,51,17800505,FALSE,TRUE,Through Nov 01,FALSE,NA,RSVP to Join the Club!,1
Jason's Woods,holiday,,/events/2026/9/18/jasons-woods-tickets,Jason's Woods,/venues/jason-s-woods,179 Stehman Rd,Lancaster,PA,17603,7:00PM,4,5,17798815,FALSE,TRUE,Through Nov 07,TRUE,https://jasonswoods.com/,NA,1
Suki Waterhouse: The Loveland Tour,music,WXPN Welcomes:,/events/2026/9/21/suki-waterhouse-the-loveland-tour-tickets,The Fillmore,/venues/the-fillmore,29 East Allen Street,Philadelphia,PA,19123,8:00PM,3,29,17282929,FALSE,FALSE,NA,TRUE,https://ticketmaster.evyy.net/c/253185/264167/4272?SharedId=DoStuff&u=https%3A%2F%2Fwww.ticketmaster.com%2Fwxpn-welcomes-suki-waterhouse-the-loveland-philadelphia-pennsylvania-09-21-2026%2Fevent%2F02006497A10DFC7C,NA,1
Sara Bareilles: The Good Grief Tour,music,,/events/2026/9/21/sara-bareilles-the-good-grief-tour-tickets,The Met,/venues/the-met,858 N Broad St,Philadelphia,PA,19130,8:00PM,1,27,17440889,FALSE,FALSE,NA,TRUE,https://ticketmaster.evyy.net/c/253185/264167/4272?SharedId=DoStuff&u=https%3A%2F%2Fwww.ticketmaster.com%2Fsara-bareilles-the-good-grief-tour-philadelphia-pennsylvania-09-21-2026%2Fevent%2F020064BC90F99D15,NA,1
Cheap Trick,music,All Washed Up Tour,/events/2026/9/21/cheap-trick-tickets,Keswick Theatre,/venues/keswick-theatre,291 N Keswick Ave,Glenside,Pe,19038,8:00PM,3,29,17528379,FALSE,FALSE,NA,TRUE,https://www.axs.com/events/1491822/cheap-trick-tickets?cid=usaffdostuff,NA,1
Brandon Flowers,music,,/events/2026/9/21/brandon-flowers-tickets,Franklin Music Hall,/venues/franklin-music-hall,421 N. 7th Street,Philadelphia,PA,19123,8:15PM,1,29,17528415,FALSE,FALSE,NA,TRUE,https://www.axs.com/events/1490455/brandon-flowers-tickets?cid=usaffdostuff,NA,1
Mütter Tüesdays: After Hours Access,arts-culture,,/events/weekly/tue/mutter-tuesdays-after-hours-access-tickets,Mütter Museum,/venues/mutter-museum,19 S 22nd Street,Philadelphia,PA,19103,3:00PM,3,4,17469698,FALSE,FALSE,NA,TRUE,https://muttermuseum.org/visit/hours-admission/mutter-tuesdays,NA,1
Mastodon,music,,/events/2026/9/22/mastodon-tickets,Franklin Music Hall,/venues/franklin-music-hall,421 N. 7th Street,Philadelphia,PA,19123,7:00PM,1,29,17440894,FALSE,FALSE,NA,TRUE,https://www.axs.com/events/1468133/mastodon-tickets?cid=usaffdostuff,NA,1
Militarie Gun,music,,/events/2026/9/22/militarie-gun-tickets,Underground Arts,/venues/underground-arts,1200 Callowhill St,Philadelphia,PA,19107,7:00PM,2,28,17464348,FALSE,FALSE,NA,TRUE,https://tixr.com/af/dostuff/193228,NA,1
Pokey LaFarge,music,,/events/2026/9/22/pokey-lafarge-tickets,Ardmore Music Hall,/venues/ardmore-music-hall,23 E Lancaster Ave,Ardmore,Pe,19003,7:30PM,1,27,17341773,FALSE,FALSE,NA,TRUE,https://tixr.com/af/dostuff/183903,NA,1
Dermot Kennedy: The Weight of the Woods Tour,music,,/events/2026/9/22/dermot-kennedy-the-weight-of-the-woods-tour-tickets,Highmark Mann,/venues/highmark-mann,5201 Parkside Ave,Philadelphia,PA,19131,8:00PM,2,28,17138086,FALSE,FALSE,NA,TRUE,https://ticketmaster.evyy.net/c/253185/264167/4272?SharedId=DoStuff&u=https%3A%2F%2Fwww.ticketmaster.com%2Fdermot-kennedy-the-weight-of-the-philadelphia-pennsylvania-09-22-2026%2Fevent%2F02006472994D9CCE,NA,1
Witch,music,Johnny Brenda's Presents,/events/2026/9/22/witch-tickets,Johnny Brenda's,/venues/johnny-brenda-s,1201 Frankford Ave,Philadelphia,PA,19125,8:00PM,3,29,17440731,FALSE,FALSE,NA,TRUE,https://etix.prf.hn/click/camref:1011l3GdWo/pubref:dostuff/destination:https%3A%2F%2Fwww.etix.com%2Fticket%2Fp%2F40936797%2Fwitch-philadelphia-johnny-brendas,NA,1
Sara Bareilles: The Good Grief Tour,music,,/events/2026/9/22/sara-bareilles-the-good-grief-tour-tickets,The Met,/venues/the-met,858 N Broad St,Philadelphia,PA,19130,8:00PM,1,27,17471084,FALSE,FALSE,NA,TRUE,https://ticketmaster.evyy.net/c/253185/264167/4272?SharedId=DoStuff&u=https%3A%2F%2Fwww.ticketmaster.com%2Fsara-bareilles-the-good-grief-tour-philadelphia-pennsylvania-09-22-2026%2Fevent%2F020064BC913A9F28,NA,1
Reverend Horton Heat w/special guest Messer Chups,music,Presented by Elkton Music Hall.,/events/2026/9/23/reverend-horton-heat-w-special-guest-messer-chups-tickets,Elkton Music Hall,/venues/elkton-music-hall,107 North St,Elkton,MD,21921,7:00PM,2,28,17350226,FALSE,FALSE,NA,TRUE,https://link.dice.fm/I1e4b4b0d592?pid=717f1d8a,NA,1
Laura Ramoso: The Calm Down Tour,comedy,,/events/2026/9/23/laura-ramoso-the-calm-down-tour-tickets,The Met,/venues/the-met,858 N Broad St,Philadelphia,PA,19130,7:30PM,1,3,17096246,FALSE,FALSE,NA,TRUE,https://ticketmaster.evyy.net/c/253185/264167/4272?SharedId=DoStuff&u=https%3A%2F%2Fwww.ticketmaster.com%2Flaura-ramoso-the-calm-down-tour-philadelphia-pennsylvania-09-23-2026%2Fevent%2F0200646622BD6921,NA,1
Loathe: A Stranger to You,music,,/events/2026/9/23/loathe-a-stranger-to-you-tickets,The Fillmore,/venues/the-fillmore,29 East Allen Street,Philadelphia,PA,19123,7:30PM,2,28,17278611,FALSE,FALSE,NA,TRUE,https://ticketmaster.evyy.net/c/253185/264167/4272?SharedId=DoStuff&u=https%3A%2F%2Fwww.ticketmaster.com%2Floathe-a-stranger-to-you-philadelphia-pennsylvania-09-23-2026%2Fevent%2F02006494D55361E3,NA,1
Chuck On Tour,music,Role Model Presents:,/events/2026/9/23/chuck-on-tour-tickets,Highmark Mann,/venues/highmark-mann,5201 Parkside Ave,Philadelphia,PA,19131,7:30PM,4,30,17511050,FALSE,FALSE,NA,TRUE,https://ticketmaster.evyy.net/c/253185/264167/4272?SharedId=DoStuff&u=https%3A%2F%2Fwww.ticketmaster.com%2Frole-model-presents-chuck-on-tour-philadelphia-pennsylvania-09-23-2026%2Fevent%2F020064CB9FBDBD68,NA,1
Paul Cauthen,music,,/events/2026/9/23/paul-cauthen-tickets,Ardmore Music Hall,/venues/ardmore-music-hall,23 E Lancaster Ave,Ardmore,Pe,19003,8:00PM,1,27,17542247,FALSE,FALSE,NA,TRUE,https://tixr.com/af/dostuff/172309,NA,1
"Utopian Hotline: A Telephone Hotline, A Vinyl Record, A Performance",theatre-performing-arts,Presented by FringeArts:,/events/2026/9/24/utopian-hotline-a-telephone-hotline-a-vinyl-record-a-performance-tickets-weekend,Fels Planetarium at The Franklin Institute,/venues/fels-planetarium-at-the-franklin-institute,NA,NA,NA,NA,6:00PM,3,28,17594944,FALSE,TRUE,Through Sep 26,TRUE,https://phillyfringe.org/events/utopian-hotline-a-telephone-hotline-a-vinyl-record-a-performance/,NA,1
Purling Hiss,music,,/events/2026/9/24/purling-hiss-tickets,Spruce Street Harbor,/venues/spruce-street-harbor,NA,NA,NA,NA,6:00PM,5,35,17806820,TRUE,FALSE,NA,FALSE,NA,NA,1
Willie Nelson & Family / Neil Young & the Chrome Hearts,music,,/events/2026/9/24/willie-nelson-family-neil-young-the-chrome-hearts-tickets,Highmark Mann,/venues/highmark-mann,5201 Parkside Ave,Philadelphia,PA,19131,7:00PM,7,33,17742110,FALSE,FALSE,NA,TRUE,https://ticketmaster.evyy.net/c/253185/264167/4272?SharedId=DoStuff&u=https%3A%2F%2Fwww.ticketmaster.com%2Fwillie-nelson-family-neil-young-the-philadelphia-pennsylvania-09-24-2026%2Fevent%2F0200650AD700FBFC,NA,1
Slayyyter: WOR$T GIRL IN THE WORLD TOUR,music,,/events/2026/9/24/slayyyter-wor-t-girl-in-the-world-tour-tickets,The Fillmore,/venues/the-fillmore,29 East Allen Street,Philadelphia,PA,19123,8:00PM,3,24,17091218,FALSE,FALSE,NA,TRUE,https://ticketmaster.evyy.net/c/253185/264167/4272?SharedId=DoStuff&u=https%3A%2F%2Fwww.ticketmaster.com%2Fslayyyter-wort-girl-in-the-world-philadelphia-pennsylvania-09-24-2026%2Fevent%2F0200646AD222F1C4,NA,1
Tom Jones,music,,/events/2026/9/24/tom-jones-tickets,Wind Creek Event Center,/venues/wind-creek-event-center,77 Wind Creek Blvd,Bethlehem,PA,18015,8:00PM,1,27,17402755,FALSE,FALSE,NA,TRUE,https://ticketmaster.evyy.net/c/253185/264167/4272?SharedId=DoStuff&u=https%3A%2F%2Fwww.ticketmaster.com%2Ftom-jones-bethlehem-pennsylvania-09-24-2026%2Fevent%2F020064B3CF1DD8EB,NA,1
Shwayze - The Nostalgia Tour,music,,/events/2026/9/24/shwayze-the-nostalgia-tour-tickets-wrmp0yv,Theater of the Living Arts,/venues/theater-of-the-living-arts,334 South St ,Philadelphia,PA,19147,8:00PM,1,27,17769570,FALSE,FALSE,NA,TRUE,https://ticketmaster.evyy.net/c/253185/264167/4272?SharedId=DoStuff&u=https%3A%2F%2Fwww.ticketmaster.com%2Fshwayze-the-nostalgia-tour-philadelphia-pennsylvania-09-24-2026%2Fevent%2F020064FFCCD843EA,NA,1
Temple University Owls Football vs. Army Black Knights Football,sports,,/events/2026/9/25/temple-university-owls-football-vs-army-black-knights-football-tickets,Lincoln Financial Field,/venues/lincoln-financial-field,1020 Pattison Avenue,Philadelphia,PA,19147,4:00PM,1,2,17575738,FALSE,FALSE,NA,TRUE,https://ticketmaster.evyy.net/c/253185/264167/4272?SharedId=DoStuff&u=https%3A%2F%2Fwww.ticketmaster.com%2Ftemple-university-owls-football-vs-army-philadelphia-pennsylvania-09-25-2026%2Fevent%2F020064D8DDBDF548,NA,2
Chef Series: The Upside Down Dinner,arts-family,,/events/2026/9/25/chef-series-the-upside-down-dinner-tickets,Netflix House Philadelphia,/venues/netflix-house-philadelphia,180 N Gulph Rd,King of Prussia,PA,19406,6:00PM,3,4,17789725,FALSE,FALSE,NA,FALSE,NA,NA,2
MUNA: Gets So Hot Tour,music,,/events/2026/9/25/muna-gets-so-hot-tour-tickets,Highmark Mann,/venues/highmark-mann,5201 Parkside Ave,Philadelphia,PA,19131,7:30PM,3,29,17325713,FALSE,FALSE,NA,TRUE,https://ticketmaster.evyy.net/c/253185/264167/4272?SharedId=DoStuff&u=https%3A%2F%2Fwww.ticketmaster.com%2Fmuna-gets-so-hot-tour-philadelphia-pennsylvania-09-25-2026%2Fevent%2F0200649E91B59F93,NA,2
Anthony Jeselnik: Wrath of Man,theatre-performing-arts,Ensemble Arts Presents in association with Live Nation,/events/2026/9/25/anthony-jeselnik-wrath-of-man-tickets,Miller Theater,/venues/miller-theater,250 S Broad St,Philadelphia,PA,19102,7:30PM,1,27,17516804,FALSE,FALSE,NA,TRUE,https://www.ensembleartsphilly.org/tickets-and-events/ensemble-arts-philly-presents/anthony-jeselnik-wrath-of-man,NA,2
BYOB Spirits Tour,food-drink,,/events/weekly/fri/byob-spirits-tour-tickets,239 Arch Street,/venues/239-arch-street,239 Arch Street,Philadelphia,PA,19106,7:30PM,3,4,17727466,FALSE,FALSE,NA,TRUE,https://foundingfootsteps.com/product/ghost-walking-tour,NA,2
Mt. Joy 2026: Celebrating 10 Years Of Mt. Joy,music,,/events/2026/9/25/mt-joy-2026-celebrating-10-years-of-mt-joy-tickets,Freedom Mortgage Pavilion,/venues/freedom-mortgage-pavilion,3501C S Delaware Ave,Camden,Ne,08103,8:00PM,484,1000,16698928,FALSE,FALSE,NA,TRUE,https://ticketmaster.evyy.net/c/253185/264167/4272?SharedId=DoStuff&u=https%3A%2F%2Fwww.ticketmaster.com%2Fmt-joy-2026-celebrating-10-years-camden-new-jersey-09-25-2026%2Fevent%2F0200637490A59865,NA,2
Mt. Joy Poster Add-On ** NOT VALID FOR ENTRY**,music,,/events/2026/9/25/mt-joy-poster-add-on-not-valid-for-entry-tickets,Freedom Mortgage Pavilion,/venues/freedom-mortgage-pavilion,3501C S Delaware Ave,Camden,Ne,08103,8:00PM,2,5,17259989,FALSE,FALSE,NA,TRUE,https://ticketmaster.evyy.net/c/253185/264167/4272?SharedId=DoStuff&u=https%3A%2F%2Fwww.ticketmaster.com%2Fmt-joy-poster-addon-not-valid-camden-new-jersey-09-25-2026%2Fevent%2F02006496D63D486D,NA,2
Jane Remover - Venue Upgrade to Franklin Music Hall,music,Live Exhibit,/events/2026/9/25/jane-remover-venue-upgrade-to-franklin-music-hall-tickets,Franklin Music Hall,/venues/franklin-music-hall,421 N. 7th Street,Philadelphia,PA,19123,8:00PM,2,12,17260004,FALSE,FALSE,NA,TRUE,https://www.axs.com/events/1415117/jane-remover-venue-upgrade-to-franklin-music-hall-tickets?cid=usaffdostuff,NA,2
POSTPONED: Hazlett,music,,/events/2026/9/25/hazlett-tickets,First Unitarian Church,/venues/first-unitarian-church,2125 Chestnut St,Philadelphia,PA,19103,8:00PM,1,4,17490524,FALSE,FALSE,NA,TRUE,https://etix.prf.hn/click/camref:1011l3GdWo/pubref:dostuff/destination:https%3A%2F%2Fwww.etix.com%2Fticket%2Fp%2F68333058%2Fhazlett-philadelphia-the-first-unitarian-church,NA,2
"SEX PISTOLS (Steve Jones, Paul Cook, Glen Matlock) feat. Frank Carter",music,,/events/2026/9/25/sex-pistols-steve-jones-paul-cook-glen-matlock-feat-frank-carter-tickets,The Fillmore,/venues/the-fillmore,29 East Allen Street,Philadelphia,PA,19123,8:30PM,1,5,15817980,FALSE,FALSE,NA,TRUE,https://ticketmaster.evyy.net/c/253185/264167/4272?SharedId=DoStuff&u=https%3A%2F%2Fwww.ticketmaster.com%2Fsex-pistols-steve-jones-paul-cook-philadelphia-pennsylvania-09-25-2026%2Fevent%2F0200627BD31B6E6F,NA,2
Slothrust,music,,/events/2026/9/25/slothrust-tickets,Underground Arts,/venues/underground-arts,1200 Callowhill St,Philadelphia,PA,19107,8:30PM,2,28,17521422,FALSE,FALSE,NA,TRUE,https://tixr.com/af/dostuff/195371,NA,2
Gorgon City,music,Presented by The Ave Live,/events/2026/9/25/gorgon-city-tickets,The Ave,/venues/the-ave,520 N Christopher Columbus Blvd,Philadelphia,Pe,19123,9:30PM,3,29,17461039,FALSE,FALSE,NA,TRUE,https://link.dice.fm/d7019c686189?pid=717f1d8a,NA,2
Bare Bones Metal,dj-parties,Shadowscene Presents,/events/2026/9/25/bare-bones-metal-tickets,Johnny Brenda's,/venues/johnny-brenda-s,1201 Frankford Ave,Philadelphia,PA,19125,10:00PM,4,5,17800619,TRUE,FALSE,NA,FALSE,NA,NA,2
Frankenstein Pop-Up,arts-culture,,/events/weekly/sat/frankenstein-pop-up-tickets,Mütter Museum,/venues/mutter-museum,19 S 22nd Street,Philadelphia,PA,19103,10:00AM,5,20,17805216,FALSE,FALSE,NA,TRUE,https://muttermuseum.org/on-view/frankenstein-pop-up/,NA,2
Josh Wink presents Daywalkers 02,dj-parties,,/events/2026/9/26/josh-wink-presents-daywalkers-02-tickets,Bastet,/venues/bastet,601 Spring Garden St.,Philadelphia,PA,19123,3:00PM,3,29,17808393,FALSE,FALSE,NA,TRUE,https://shotgun.live/events/josh-wink-presents-daywalkers-02,NA,2
Black Veil Brides: Vindicatour US 2026,music,,/events/2026/9/26/black-veil-brides-vindicatour-us-2026-tickets,Wind Creek Event Center,/venues/wind-creek-event-center,77 Wind Creek Blvd,Bethlehem,PA,18015,6:30PM,1,27,17361996,FALSE,FALSE,NA,TRUE,https://ticketmaster.evyy.net/c/253185/264167/4272?SharedId=DoStuff&u=https%3A%2F%2Fwww.ticketmaster.com%2Fblack-veil-brides-vindicatour-us-2026-bethlehem-pennsylvania-09-26-2026%2Fevent%2F020064A7CF135075,NA,2
Temple Owls Football vs. Army Black Knights Football,sports,,/events/2026/9/26/temple-owls-football-vs-army-black-knights-football-tickets,Lincoln Financial Field,/venues/lincoln-financial-field,1020 Pattison Avenue,Philadelphia,PA,19147,7:00PM,2,3,17020991,FALSE,FALSE,NA,TRUE,https://ticketmaster.evyy.net/c/253185/264167/4272?SharedId=DoStuff&u=https%3A%2F%2Fwww.ticketmaster.com%2Fevent%2FZ7r9jZ1A7-pv3,NA,2
Anthony Jeselnik: Wrath of Man,theatre-performing-arts,Ensemble Arts Presents in association with Live Nation,/events/2026/9/26/anthony-jeselnik-wrath-of-man-tickets,Miller Theater,/venues/miller-theater,250 S Broad St,Philadelphia,PA,19102,7:00PM,1,27,17516803,FALSE,FALSE,NA,TRUE,https://www.ensembleartsphilly.org/tickets-and-events/ensemble-arts-philly-presents/anthony-jeselnik-wrath-of-man,NA,2
BYOB Spirits Tour,food-drink,,/events/weekly/sat/byob-spirits-tour-1786720698,239 Arch Street,/venues/239-arch-street,239 Arch Street,Philadelphia,PA,19106,7:30PM,2,3,17727472,FALSE,FALSE,NA,TRUE,https://foundingfootsteps.com/product/ghost-walking-tour,NA,2
Two Door Cinema Club - Tourist History 15th Anniversary Tour,music,,/events/2026/9/26/two-door-ciname-club-tourist-history-15th-anniversary-tour-tickets,The Fillmore,/venues/the-fillmore,29 East Allen Street,Philadelphia,PA,19123,8:00PM,3,29,17089542,FALSE,FALSE,NA,TRUE,https://ticketmaster.evyy.net/c/253185/264167/4272?SharedId=DoStuff&u=https%3A%2F%2Fwww.ticketmaster.com%2Ftwo-door-cinema-club-tourist-history-philadelphia-pennsylvania-09-26-2026%2Fevent%2F02006469C3B2B897,NA,2
Chelsea Handler: The High And Mighty Tour,comedy,,/events/2026/9/26/chelsea-handler-the-high-and-mighty-tour-tickets,The Met,/venues/the-met,858 N Broad St,Philadelphia,PA,19130,8:00PM,2,28,17131902,FALSE,FALSE,NA,TRUE,https://ticketmaster.evyy.net/c/253185/264167/4272?SharedId=DoStuff&u=https%3A%2F%2Fwww.ticketmaster.com%2Fchelsea-handler-the-high-and-mighty-philadelphia-pennsylvania-09-26-2026%2Fevent%2F02006471E2A6EBC0,NA,2
AC SLATER / DELACOUR w. SOLAR SOUNDS x TRANSMIT,dj-parties,,/events/2026/9/26/ac-slater-delacour-w-solar-sounds-x-transmit-tickets,The Barbary,/venues/the-barbary,951 Frankford Ave,Philadelphia,PA,19125,10:00PM,3,29,17768197,FALSE,FALSE,NA,TRUE,https://tixr.com/af/dostuff/204633,NA,2
Philadelphia Hoagie Throwdown,food-drink,,/events/2026/9/27/philadelphia-hoagie-throwdown-tickets,Other Half Brewing Philadelphia,/venues/other-half-brewing-philadelphia,NA,NA,NA,NA,12:00PM,3,4,17716916,FALSE,FALSE,NA,TRUE,https://deliciouscity.ticketspice.com/hoagie-throwdown-2026,NA,2
Gorillaz - The Mountain Tour,music,,/events/2026/9/27/gorillaz-the-mountain-tour-tickets,Freedom Mortgage Pavilion,/venues/freedom-mortgage-pavilion,3501C S Delaware Ave,Camden,Ne,08103,7:00PM,6,32,17032898,FALSE,FALSE,NA,TRUE,https://ticketmaster.evyy.net/c/253185/264167/4272?SharedId=DoStuff&u=https%3A%2F%2Fwww.ticketmaster.com%2Fgorillaz-the-mountain-tour-camden-new-jersey-09-27-2026%2Fevent%2F02006459D94912C9,NA,2
Katie Pruitt,music,,/events/2026/9/27/katie-pruitt-tickets,Ardmore Music Hall,/venues/ardmore-music-hall,23 E Lancaster Ave,Ardmore,Pe,19003,7:00PM,3,29,17493305,FALSE,FALSE,NA,TRUE,https://tixr.com/af/dostuff/186398,NA,2
BYOB Spirits Tour,food-drink,,/events/weekly/sun/byob-spirits-tour-1786720735,239 Arch Street,/venues/239-arch-street,239 Arch Street,Philadelphia,PA,19106,7:30PM,2,3,17727473,FALSE,FALSE,NA,TRUE,https://foundingfootsteps.com/product/ghost-walking-tour,NA,3
Kany Garcia: Puerta Abierta Tour,music,,/events/2026/9/27/kany-garcia-puerta-abierta-tour-tickets,The Met,/venues/the-met,858 N Broad St,Philadelphia,PA,19130,8:00PM,1,9,17218154,FALSE,FALSE,NA,TRUE,https://ticketmaster.evyy.net/c/253185/264167/4272?SharedId=DoStuff&u=https%3A%2F%2Fwww.ticketmaster.com%2Fkany-garcia-puerta-abierta-tour-philadelphia-pennsylvania-09-27-2026%2Fevent%2F02006488E435F864,NA,3
Buzzcocks,music,,/events/2026/9/27/buzzcocks-tickets,Underground Arts,/venues/underground-arts,1200 Callowhill St,Philadelphia,PA,19107,8:00PM,2,28,17521423,FALSE,FALSE,NA,TRUE,https://tixr.com/af/dostuff/194946,NA,3
Ac/Dc Power Up Tour 2026,music,,/events/2026/9/29/ac-dc-power-up-tour-2026-tickets,Lincoln Financial Field,/venues/lincoln-financial-field,1020 Pattison Avenue,Philadelphia,PA,19147,7:00PM,5,31,16580789,FALSE,FALSE,NA,TRUE,https://ticketmaster.evyy.net/c/253185/264167/4272?SharedId=DoStuff&u=https%3A%2F%2Fwww.ticketmaster.com%2Facdc-power-up-tour-2026-philadelphia-pennsylvania-09-29-2026%2Fevent%2F0200635FB8FBA43E,NA,3
Outlander in Concert,music,,/events/2026/9/29/outlander-in-concert-tickets,The Met,/venues/the-met,858 N Broad St,Philadelphia,PA,19130,7:30PM,1,2,17131903,FALSE,FALSE,NA,TRUE,https://ticketmaster.evyy.net/c/253185/264167/4272?SharedId=DoStuff&u=https%3A%2F%2Fwww.ticketmaster.com%2Foutlander-in-concert-philadelphia-pennsylvania-09-29-2026%2Fevent%2F02006471F84F16B0,NA,3
glaive,music,GOD SAVE THE THREE TOUR,/events/2026/9/29/glaive-tickets,Union Transfer,/venues/union-transfer,1026 Spring Garden St.,Philadelphia,PA,19123,8:00PM,1,23,17308861,FALSE,FALSE,NA,TRUE,https://www.axs.com/events/1434671/glaive-tickets?cid=usaffdostuff,NA,3
Lenny Pearce - Toddler Rave World Tour,music,,/events/2026/9/30/lenny-pearce-toddler-rave-world-tour-tickets,The Fillmore,/venues/the-fillmore,29 East Allen Street,Philadelphia,PA,19123,6:00PM,1,5,17489772,FALSE,FALSE,NA,TRUE,https://ticketmaster.evyy.net/c/253185/264167/4272?SharedId=DoStuff&u=https%3A%2F%2Fwww.ticketmaster.com%2Flenny-pearce-toddler-rave-world-tour-philadelphia-pennsylvania-09-30-2026%2Fevent%2F020064C3CAF726E8,NA,3
Philadelphia Flyers Giveaway,sports,,/events/2026/9/30/penguins-vs-flyers-tickets,Xfinity Mobile Arena,/venues/xfinity-mobile-arena,3601 S Broad St,Philadelphia,PA,19148,7:30PM,77,97,17616547,FALSE,FALSE,NA,TRUE,https://www.xfinitymobilearena.com/events/detail/penguins-vs-flyers-9-30,Enter for a chance to win a pair of tickets!,3
Jazz Under the Stars: Kirk Whalum feat. Kevin Whalum & Gerald Veasley,music,,/events/2026/9/30/jazz-under-the-stars-kirk-whalum-feat-kevin-whalum-gerald-veasley-tickets,Highmark Mann,/venues/highmark-mann,5201 Parkside Ave,Philadelphia,PA,19131,8:00PM,3,25,17164223,FALSE,FALSE,NA,TRUE,https://ticketmaster.evyy.net/c/253185/264167/4272?SharedId=DoStuff&u=https%3A%2F%2Fwww.ticketmaster.com%2Fjazz-under-the-stars-kirk-whalum-philadelphia-pennsylvania-09-30-2026%2Fevent%2F0200647BDA2648B7,NA,3
Squirrel Flower,music,Johnny Brenda's Presents,/events/2026/9/30/squirrel-flower-tickets,Johnny Brenda's,/venues/johnny-brenda-s,1201 Frankford Ave,Philadelphia,PA,19125,8:00PM,1,24,17341706,FALSE,FALSE,NA,TRUE,https://etix.prf.hn/click/camref:1011l3GdWo/pubref:dostuff/destination:https%3A%2F%2Fwww.etix.com%2Fticket%2Fp%2F95332590%2Fsquirrel-flower-philadelphia-johnny-brendas,NA,3
Squirrel Flower,music,Johnny Brenda's Presents,/events/2026/9/30/squirrel-flower-tickets,Johnny Brenda's,/venues/johnny-brenda-s,1201 Frankford Ave,Philadelphia,PA,19125,8:00PM,1,24,17341706,FALSE,FALSE,NA,TRUE,https://etix.prf.hn/click/camref:1011l3GdWo/pubref:dostuff/destination:https%3A%2F%2Fwww.etix.com%2Fticket%2Fp%2F95332590%2Fsquirrel-flower-philadelphia-johnny-brendas,NA,3
Logic & G-Eazy: The Endless Summer Tour Part II,music,,/events/2026/10/1/logic-g-eazy-the-endless-summer-tour-part-ii-tickets,Highmark Mann,/venues/highmark-mann,5201 Parkside Ave,Philadelphia,PA,19131,7:00PM,2,28,17278646,FALSE,FALSE,NA,TRUE,https://ticketmaster.evyy.net/c/253185/264167/4272?SharedId=DoStuff&u=https%3A%2F%2Fwww.ticketmaster.com%2Flogic-geazy-the-endless-summer-tour-philadelphia-pennsylvania-10-01-2026%2Fevent%2F02006496D6FE4AE6,NA,3
Randy Feltface: Gimmick,comedy,,/events/2026/10/1/randy-feltface-gimmick-tickets,The Fillmore,/venues/the-fillmore,29 East Allen Street,Philadelphia,PA,19123,7:30PM,1,7,17070060,FALSE,FALSE,NA,TRUE,https://ticketmaster.evyy.net/c/253185/264167/4272?SharedId=DoStuff&u=https%3A%2F%2Fwww.ticketmaster.com%2Frandy-feltface-gimmick-philadelphia-pennsylvania-10-01-2026%2Fevent%2F02006458F1EC414B,NA,3
BYOB Spirits Tour,food-drink,,/events/weekly/thu/byob-spirits-tour-1786720762,239 Arch Street,/venues/239-arch-street,239 Arch Street,Philadelphia,PA,19106,7:30PM,2,3,17727474,FALSE,FALSE,NA,TRUE,https://foundingfootsteps.com/product/ghost-walking-tour,NA,3
Weatherday,music,,/events/2026/10/1/weatherday-tickets,The Foundry,/venues/the-foundry,"29 E Allen St, Philadelphia, PA 19123",Philadelphia,PA,19123,8:00PM,1,6,17196415,FALSE,FALSE,NA,TRUE,https://ticketmaster.evyy.net/c/253185/264167/4272?SharedId=DoStuff&u=https%3A%2F%2Fwww.ticketmaster.com%2Fweatherday-philadelphia-pennsylvania-10-01-2026%2Fevent%2F0200648601E615FD,NA,3
"Crystal Spiders, Heavy Temple, Full Bush",music,,/events/2026/10/2/crystal-spiders-heavy-temple-tickets,Nikki Lopez,/venues/nikki-lopez,"304 South St, Philadelphia, PA 19147",Philadelphia,PA,19147,6:00PM,1,5,17587409,FALSE,FALSE,NA,TRUE,https://ticketmaster.evyy.net/c/253185/264167/4272?SharedId=DoStuff&u=https%3A%2F%2Fwww.ticketweb.com%2Fevent%2Fcrystal-spiders-heavy-temple-nikki-lopez-philly-tickets%2F14243464,NA,3
"Skillet: Comatose 20 Years, Still Screaming Tour",music,,/events/2026/10/2/skillet-comatose-20-years-still-screaming-tour-tickets,The Fillmore,/venues/the-fillmore,29 East Allen Street,Philadelphia,PA,19123,7:00PM,1,27,17517599,FALSE,FALSE,NA,TRUE,https://ticketmaster.evyy.net/c/253185/264167/4272?SharedId=DoStuff&u=https%3A%2F%2Fwww.ticketmaster.com%2Fskillet-comatose-20-years-still-screaming-philadelphia-pennsylvania-10-02-2026%2Fevent%2F020064CBD9F060DF,NA,3
Halloween Nights at Eastern State,holiday,,/events/2026/10/2/halloween-nights-at-eastern-state-tickets,Eastern State Penitentiary,/venues/eastern-state-penitentiary,2027 Fairmount Ave,Philadelphia,Pe,19130,7:00PM,4,5,17798811,FALSE,TRUE,Through Nov 07,TRUE,https://easternstate.org/halloween,NA,3
Ninajirachi,music,I Love My Computer and It Loves Me Tour,/events/2026/10/2/ninajirachi-tickets,Franklin Music Hall,/venues/franklin-music-hall,421 N. 7th Street,Philadelphia,PA,19123,8:30PM,2,13,17308830,FALSE,FALSE,NA,TRUE,https://www.axs.com/events/1428040/ninajirachi-18-event-tickets?cid=usaffdostuff,NA,3
Bloodletting & Burials,arts-family,,/events/2026/10/3/bloodletting-burials-tickets,Betsy Ross House,/venues/betsy-ross-house,239 Arch Street,Philadelphia,Pe,19106,5:30PM,3,4,17834603,FALSE,FALSE,NA,TRUE,https://historicphiladelphia.org/events/bloodletting-and-burials/,NA,3
Switchfoot with special guest Anberlin - Forever Now Tour,music,,/events/2026/10/3/switchfoot-with-special-guest-anberlin-forever-now-tour-tickets,The Fillmore,/venues/the-fillmore,29 East Allen Street,Philadelphia,PA,19123,8:00PM,1,27,17338430,FALSE,FALSE,NA,TRUE,https://ticketmaster.evyy.net/c/253185/264167/4272?SharedId=DoStuff&u=https%3A%2F%2Fwww.ticketmaster.com%2Fswitchfoot-with-special-guest-anberlin-forever-philadelphia-pennsylvania-10-03-2026%2Fevent%2F020064A5A242C7E8,NA,3
"Everything Everything - Get To Heaven, 10th Anniversary",music,,/events/2026/10/3/everything-everything-get-to-heaven-10th-anniversary-tickets,Brooklyn Bowl Philadelphia,/venues/brooklyn-bowl-philadelphia,1009 Canal St,Philadelphia,PA,19123,8:00PM,1,27,17341732,FALSE,FALSE,NA,TRUE,https://ticketmaster.evyy.net/c/253185/264167/4272?SharedId=DoStuff&u=https%3A%2F%2Fwww.ticketmaster.com%2Feverything-everything-get-to-heaven-10th-philadelphia-pennsylvania-10-03-2026%2Fevent%2F020064A106E6B937,NA,3
wave to earth - the pieces tour,music,,/events/2026/10/3/wave-to-earth-the-pieces-tour-tickets,The Met,/venues/the-met,858 N Broad St,Philadelphia,PA,19130,8:15PM,1,16,17373114,FALSE,FALSE,NA,TRUE,https://ticketmaster.evyy.net/c/253185/264167/4272?SharedId=DoStuff&u=https%3A%2F%2Fwww.ticketmaster.com%2Fwave-to-earth-the-pieces-tour-philadelphia-pennsylvania-10-03-2026%2Fevent%2F020064ADAEC2B822,NA,3
Ravyn Lenae Presents: Blue Island,music,,/events/2026/10/3/ravyn-lenae-presents-blue-island-tickets,Franklin Music Hall,/venues/franklin-music-hall,421 N. 7th Street,Philadelphia,PA,19123,8:30PM,3,31,17517606,FALSE,FALSE,NA,TRUE,https://www.axs.com/events/1484085/ravyn-lenae-presents-blue-island-tickets?cid=usaffdostuff,NA,3
PHLY Eagles Pre-Game Tailgate vs Rams,sports,True Fan Travel Presents,/events/2026/10/4/phly-eagles-pre-game-tailgate-vs-rams-tickets,Lincoln Financial Field,/venues/lincoln-financial-field,1020 Pattison Avenue,Philadelphia,PA,19147,9:00AM,69,99,17830154,FALSE,FALSE,NA,TRUE,https://allphly.com/events/,Enter to Win a pair of VIP Tailgate Passes,3
Philadelphia Eagles vs. Los Angeles Rams,sports,,/events/2026/10/4/philadelphia-eagles-vs-los-angeles-rams-tickets,Lincoln Financial Field,/venues/lincoln-financial-field,1020 Pattison Avenue,Philadelphia,PA,19147,1:00PM,3,4,17353062,FALSE,FALSE,NA,TRUE,https://ticketmaster.evyy.net/c/253185/264167/4272?SharedId=DoStuff&u=https%3A%2F%2Fwww.ticketmaster.com%2Fphiladelphia-eagles-vs-los-angeles-rams-philadelphia-pennsylvania-10-04-2026%2Fevent%2F0200646D961BA6FF,NA,4
Rise Against - Ricochet 2026,music,,/events/2026/10/4/rise-against-ricochet-2026-tickets,The Fillmore,/venues/the-fillmore,29 East Allen Street,Philadelphia,PA,19123,7:00PM,2,28,17096263,FALSE,FALSE,NA,TRUE,https://ticketmaster.evyy.net/c/253185/264167/4272?SharedId=DoStuff&u=https%3A%2F%2Fwww.ticketmaster.com%2Frise-against-ricochet-2026-philadelphia-pennsylvania-10-04-2026%2Fevent%2F02006469ECF4ED20,NA,4
The Uncouth / Doc Rotten/ Chemical X / English Teeth,music,,/events/2026/10/4/the-uncouth-doc-rotten-chemical-x-english-teeth-tickets,Khyber Pass Pub,/venues/khyber-pass-pub,56 S 2nd St,Philadelphia,PA,19106,7:30PM,2,28,17795822,FALSE,FALSE,NA,FALSE,NA,NA,4
Kylie Cantrall,music,The Valley Girl Problems Tour,/events/2026/10/4/kylie-cantrall-tickets,Franklin Music Hall,/venues/franklin-music-hall,421 N. 7th Street,Philadelphia,PA,19123,8:00PM,2,6,17690307,FALSE,FALSE,NA,TRUE,https://www.axs.com/events/1541567/kylie-cantrall-tickets?cid=usaffdostuff,NA,4
White Denim,music,,/events/2026/10/6/white-denim-tickets,Ardmore Music Hall,/venues/ardmore-music-hall,23 E Lancaster Ave,Ardmore,Pe,19003,7:30PM,1,27,17154727,FALSE,FALSE,NA,TRUE,https://tixr.com/af/dostuff/183400,NA,4
Shaboozey - Outlaws Never Die Tour,music,,/events/2026/10/6/shaboozey-outlaws-never-die-tour-tickets,Highmark Mann,/venues/highmark-mann,5201 Parkside Ave,Philadelphia,PA,19131,8:00PM,4,30,17278638,FALSE,FALSE,NA,TRUE,https://ticketmaster.evyy.net/c/253185/264167/4272?SharedId=DoStuff&u=https%3A%2F%2Fwww.ticketmaster.com%2Fshaboozey-outlaws-never-die-tour-philadelphia-pennsylvania-10-06-2026%2Fevent%2F02006494D7F169B3,NA,4
Chief Keef,music,,/events/2026/10/6/chief-keef-tickets,The Fillmore,/venues/the-fillmore,29 East Allen Street,Philadelphia,PA,19123,8:00PM,2,28,17575885,FALSE,FALSE,NA,TRUE,https://ticketmaster.evyy.net/c/253185/264167/4272?SharedId=DoStuff&u=https%3A%2F%2Fwww.ticketmaster.com%2Fchief-keef-philadelphia-pennsylvania-10-06-2026%2Fevent%2F020064DEDF017775,NA,4
Gladys Knight,music,,/events/2026/10/7/gladys-knight-tickets,Keswick Theatre,/venues/keswick-theatre,291 N Keswick Ave,Glenside,Pe,19038,8:00PM,1,12,17308862,FALSE,FALSE,NA,TRUE,https://www.axs.com/events/1431004/gladys-knight-tickets?cid=usaffdostuff,NA,4
Jeff Goldblum & The Mildred Snitzer Orchestra,theatre-performing-arts,Jazz Series,/events/2026/10/7/jeff-goldblum-the-mildred-snitzer-orchestra-tickets,Miller Theater,/venues/miller-theater,250 S Broad St,Philadelphia,PA,19102,8:00PM,1,27,17341759,FALSE,FALSE,NA,TRUE,https://www.ensembleartsphilly.org/series-and-subscriptions/jazz-series/jeff-goldblum,NA,4
The Midnight: Time Machines,music,,/events/2026/10/7/the-midnight-time-machines-tickets,The Fillmore,/venues/the-fillmore,29 East Allen Street,Philadelphia,PA,19123,8:00PM,1,27,17373102,FALSE,FALSE,NA,TRUE,https://ticketmaster.evyy.net/c/253185/264167/4272?SharedId=DoStuff&u=https%3A%2F%2Fwww.ticketmaster.com%2Fthe-midnight-time-machines-philadelphia-pennsylvania-10-07-2026%2Fevent%2F020064AD24B7C6A7,NA,4
Cardinal Bloom,music,,/events/2026/10/7/cardinal-bloom-tickets,MilkBoy,/venues/milkboy,1100 Chestnut Street,Philadelphia,PA,19107,8:00PM,9,15,17540743,FALSE,FALSE,NA,TRUE,https://tixr.com/af/dostuff/196113,Enter for a chance to win a pair of tickets!,4
The Chicks Taking The Long Way,music,,/events/2026/10/7/the-chicks-taking-the-long-way-tickets,The Met,/venues/the-met,858 N Broad St,Philadelphia,PA,19130,8:30PM,2,15,17716736,FALSE,FALSE,NA,TRUE,https://ticketmaster.evyy.net/c/253185/264167/4272?SharedId=DoStuff&u=https%3A%2F%2Fwww.ticketmaster.com%2Fthe-chicks-taking-the-long-way-philadelphia-pennsylvania-10-07-2026%2Fevent%2F020064BAB294BA8E,NA,4
John R. Miller,music,,/events/2026/10/8/john-r-miller-tickets,Nikki Lopez,/venues/nikki-lopez,"304 South St, Philadelphia, PA 19147",Philadelphia,PA,19147,9:30PM,1,11,17746335,FALSE,FALSE,NA,TRUE,https://ticketmaster.evyy.net/c/253185/264167/4272?SharedId=DoStuff&u=https%3A%2F%2Fwww.ticketweb.com%2Fevent%2Fjohn-r-miller-nikki-lopez-philly-tickets%2F15041713,NA,4
Made In Philadelphia Market Series Fall Market,market,,/events/2026/10/9/made-in-philadelphia-market-series-fall-market-tickets,Dilworth Park,/venues/dilworth-park,1 S 15th St,Philadelphia,Pe,19102,12:00PM,4,10,17742374,TRUE,TRUE,Through Oct 11,TRUE,https://www.madeinphila.com,NA,4
Bert Kreischer: Permission To Party,comedy,,/events/2026/10/9/bert-kreischer-permission-to-party-tickets,The Met,/venues/the-met,858 N Broad St,Philadelphia,PA,19130,7:00PM,1,27,17188757,FALSE,FALSE,NA,TRUE,https://ticketmaster.evyy.net/c/253185/264167/4272?SharedId=DoStuff&u=https%3A%2F%2Fwww.ticketmaster.com%2Fbert-kreischer-permission-to-party-philadelphia-pennsylvania-10-09-2026%2Fevent%2F02006481B172C0BA,NA,4
Basement,music,,/events/2026/10/9/basement-tickets,The Fillmore,/venues/the-fillmore,29 East Allen Street,Philadelphia,PA,19123,7:00PM,3,29,17341763,FALSE,FALSE,NA,TRUE,https://ticketmaster.evyy.net/c/253185/264167/4272?SharedId=DoStuff&u=https%3A%2F%2Fwww.ticketmaster.com%2Fbasement-philadelphia-pennsylvania-10-09-2026%2Fevent%2F0200649ED9066B3E,NA,4
Laura Veirs w/ Karl Blau,music,,/events/2026/10/9/laura-veirs-w-karl-blau-tickets,Nikki Lopez,/venues/nikki-lopez,"304 South St, Philadelphia, PA 19147",Philadelphia,PA,19147,7:00PM,1,27,17378714,FALSE,FALSE,NA,TRUE,https://ticketmaster.evyy.net/c/253185/264167/4272?SharedId=DoStuff&u=https%3A%2F%2Fwww.ticketweb.com%2Fevent%2Flaura-veirs-w-karl-blau-nikki-lopez-philly-tickets%2F14903403,NA,4
Candlelight Ghost Tours at Fort Mifflin,outdoors,,/events/2026/10/9/candlelight-ghost-tours-at-fort-mifflin-tickets,Schuylkill Banks,/venues/schuylkill-banks,NA,NA,NA,NA,7:00PM,3,4,17781856,FALSE,FALSE,NA,TRUE,https://events.ticketleap.com/tickets/fortmifflinonthedelaware/candle-light-tours-716421042,NA,4
DJ Shadow Celebrates 30 Years of Endtroducing,music,,/events/2026/10/9/dj-shadow-celebrates-30-years-of-endtroducing-tickets,Franklin Music Hall,/venues/franklin-music-hall,421 N. 7th Street,Philadelphia,PA,19123,8:00PM,3,31,17282927,FALSE,FALSE,NA,TRUE,https://www.axs.com/events/1425337/dj-shadow-celebrates-30-years-of-endtroducing-tickets?cid=usaffdostuff,NA,4
"Oso Oso, with Leisure Hour, Bad Luck",music,,/events/2026/10/9/oso-oso-with-leisure-hour-bad-luck-tickets,First Unitarian Church,/venues/first-unitarian-church,2125 Chestnut St,Philadelphia,PA,19103,8:00PM,1,27,17746151,FALSE,FALSE,NA,TRUE,https://etix.prf.hn/click/camref:1011l3GdWo/pubref:dostuff/destination:https%3A%2F%2Fwww.etix.com%2Fticket%2Fp%2F35249261%2Foso-osowith-leisure-hourbad-luck-philadelphia-the-first-unitarian-church,NA,4
"Oso Oso, with Leisure Hour, Bad Luck",music,,/events/2026/10/9/oso-oso-with-leisure-hour-bad-luck-tickets,First Unitarian Church,/venues/first-unitarian-church,2125 Chestnut St,Philadelphia,PA,19103,8:00PM,1,27,17746151,FALSE,FALSE,NA,TRUE,https://etix.prf.hn/click/camref:1011l3GdWo/pubref:dostuff/destination:https%3A%2F%2Fwww.etix.com%2Fticket%2Fp%2F35249261%2Foso-osowith-leisure-hourbad-luck-philadelphia-the-first-unitarian-church,NA,4
Temple Owls Football vs. UConn Huskies Football,sports,,/events/2026/10/10/temple-owls-football-vs-uconn-huskies-football-tickets,Lincoln Financial Field,/venues/lincoln-financial-field,1020 Pattison Avenue,Philadelphia,PA,19147,7:00PM,2,3,17020992,FALSE,FALSE,NA,TRUE,https://ticketmaster.evyy.net/c/253185/264167/4272?SharedId=DoStuff&u=https%3A%2F%2Fwww.ticketmaster.com%2Fevent%2FZ7r9jZ1A7-pvK,NA,4
Dan + Shay: The Young Tour,music,,/events/2026/10/10/dan-shay-the-young-tour-tickets,Highmark Mann,/venues/highmark-mann,5201 Parkside Ave,Philadelphia,PA,19131,7:00PM,4,30,17373111,FALSE,FALSE,NA,TRUE,https://ticketmaster.evyy.net/c/253185/264167/4272?SharedId=DoStuff&u=https%3A%2F%2Fwww.ticketmaster.com%2Fdan-shay-the-young-tour-philadelphia-pennsylvania-10-10-2026%2Fevent%2F020064ADDD7F183B,NA,4
Revocation,music,,/events/2026/10/10/revocation-tickets,Underground Arts,/venues/underground-arts,1200 Callowhill St,Philadelphia,PA,19107,7:00PM,1,26,17434486,FALSE,FALSE,NA,TRUE,https://tixr.com/af/dostuff/192167,NA,4
Whiskey Myers,music,,/events/2026/10/10/whiskey-myers-tickets,Wind Creek Event Center,/venues/wind-creek-event-center,77 Wind Creek Blvd,Bethlehem,PA,18015,7:00PM,1,27,17516084,FALSE,FALSE,NA,TRUE,https://ticketmaster.evyy.net/c/253185/264167/4272?SharedId=DoStuff&u=https%3A%2F%2Fwww.ticketmaster.com%2Fwhiskey-myers-bethlehem-pennsylvania-10-10-2026%2Fevent%2F020064CFA986ED7E,NA,4
Temple University Owls Football vs. UConn Huskies College Football,sports,,/events/2026/10/10/temple-university-owls-football-vs-uconn-huskies-college-football-tickets,Lincoln Financial Field,/venues/lincoln-financial-field,1020 Pattison Avenue,Philadelphia,PA,19147,7:00PM,1,2,17575740,FALSE,FALSE,NA,TRUE,https://ticketmaster.evyy.net/c/253185/264167/4272?SharedId=DoStuff&u=https%3A%2F%2Fwww.ticketmaster.com%2Ftemple-university-owls-football-vs-uconn-philadelphia-pennsylvania-10-10-2026%2Fevent%2F020064D8DDC0F571,NA,5
8 Seconds Rodeo,music,,/events/2026/10/10/8-seconds-rodeo-tickets,The Liacouras Center,/venues/the-liacouras-center,1776 N Broad St,Philadelphia,PA,19121,7:00PM,2,4,17633704,FALSE,FALSE,NA,TRUE,https://www.liacourascenter.com/events/detail/8-seconds-rodeo-2026,NA,5
Bert Kreischer: Permission To Party,comedy,,/events/2026/10/10/bert-kreischer-permission-to-party-tickets,The Met,/venues/the-met,858 N Broad St,Philadelphia,PA,19130,7:00PM,1,27,17746977,FALSE,FALSE,NA,TRUE,https://ticketmaster.evyy.net/c/253185/264167/4272?SharedId=DoStuff&u=https%3A%2F%2Fwww.ticketmaster.com%2Fbert-kreischer-permission-to-party-philadelphia-pennsylvania-10-10-2026%2Fevent%2F02006481B272C24E,NA,5
FAR Horror Homecoming,dj-parties,,/events/2026/10/10/far-horror-homecoming-tickets,Star|Bolt,/venues/star-bolt,1936 N Front St,Philadelphia,PA,19122,7:00PM,7,8,17798746,FALSE,FALSE,NA,TRUE,https://www.zeffy.com/en-US/ticketing/fishtails-horror-homecoming,NA,5
Artemas,music,LOVERCORE / GETTING UP TO NO GOOD Tour,/events/2026/10/10/artemas-tickets,Franklin Music Hall,/venues/franklin-music-hall,421 N. 7th Street,Philadelphia,PA,19123,8:00PM,1,13,17164195,FALSE,FALSE,NA,TRUE,https://www.axs.com/events/1389164/artemas-tickets?cid=usaffdostuff,NA,5
Six Foot Blonde,music,,/events/2026/10/10/six-foot-blonde-tickets,MilkBoy,/venues/milkboy,1100 Chestnut Street,Philadelphia,PA,19107,8:30PM,3,6,17512246,FALSE,FALSE,NA,TRUE,https://tixr.com/af/dostuff/194950,NA,5
Barcade Fishtown 15th Anniversary,gaming,Barcade Presents,/events/2026/10/11/barcade-fishtown-15th-anniversary-tickets,Barcade Fishtown,/venues/barcade-fishtown,NA,NA,NA,NA,12:00PM,4,5,17721348,TRUE,FALSE,NA,FALSE,NA,NA,5
Sundae Philly,sports-fitness,,/events/2026/10/11/sundae-philly-tickets,Bok Bar,/venues/bok-bar,800 Mifflin St,Philadelphia,PA,19148,3:00PM,2,3,17851868,FALSE,FALSE,NA,FALSE,NA,NA,5
Sofar Sounds - Harrowgate,music,,/events/2026/10/11/sofar-sounds-harrowgate-tickets,Sofar Sounds - Secret Location,/venues/sofar-sounds-secret-location,NA,NA,NA,NA,5:45PM,3,4,17819625,FALSE,FALSE,NA,TRUE,https://sofarsounds.sjv.io/dostuff?u=https%3A%2F%2Fwww.sofarsounds.com%2Fevents%2F67285%3Futm_source%3Ddo-stuff%26utm_medium%3Dgrowth-partner%26utm_campaign%3Deventlisting_philadelphia,NA,5
Jessie Ware: The Superbloom Tour,music,,/events/2026/10/11/jessie-ware-the-superbloom-tour-tickets,The Fillmore,/venues/the-fillmore,29 East Allen Street,Philadelphia,PA,19123,8:00PM,1,27,17224447,FALSE,FALSE,NA,TRUE,https://ticketmaster.evyy.net/c/253185/264167/4272?SharedId=DoStuff&u=https%3A%2F%2Fwww.ticketmaster.com%2Fjessie-ware-the-superbloom-tour-philadelphia-pennsylvania-10-11-2026%2Fevent%2F02006478A9BBA60E,NA,5
Foster The People: Good Mourning Sunshine Tour,music,,/events/2026/10/11/foster-the-people-good-mourning-sunshine-tour-tickets,Highmark Mann,/venues/highmark-mann,5201 Parkside Ave,Philadelphia,PA,19131,8:00PM,2,28,17282950,FALSE,FALSE,NA,TRUE,https://ticketmaster.evyy.net/c/253185/264167/4272?SharedId=DoStuff&u=https%3A%2F%2Fwww.ticketmaster.com%2Ffoster-the-people-good-mourning-sunshine-philadelphia-pennsylvania-10-11-2026%2Fevent%2F02006499A870E222,NA,5
Sylvan Esso,music,An Evening With,/events/2026/10/12/sylvan-esso-tickets,Franklin Music Hall,/venues/franklin-music-hall,421 N. 7th Street,Philadelphia,PA,19123,8:00PM,1,29,17471089,FALSE,FALSE,NA,TRUE,https://www.axs.com/events/1474799/sylvan-esso-tickets?cid=usaffdostuff,NA,5
Lilly Hiatt + Margo Cilker,music,,/events/2026/10/13/lilly-hiatt-margo-cilker-tickets,MilkBoy,/venues/milkboy,1100 Chestnut Street,Philadelphia,PA,19107,8:00PM,1,27,17577047,FALSE,FALSE,NA,TRUE,https://tixr.com/af/dostuff/197600,NA,5
Keznamdi,music,,/events/2026/10/14/keznamdi-tickets,MilkBoy,/venues/milkboy,1100 Chestnut Street,Philadelphia,PA,19107,8:00PM,1,4,17427480,FALSE,FALSE,NA,TRUE,https://tixr.com/af/dostuff/191518,NA,5
Balthvs,music,,/events/2026/10/14/balthvs-tickets,Ardmore Music Hall,/venues/ardmore-music-hall,23 E Lancaster Ave,Ardmore,Pe,19003,8:00PM,1,27,17461044,FALSE,FALSE,NA,TRUE,https://tixr.com/af/dostuff/191646,NA,5
Brian Fallon & The Painkillers,music,,/events/2026/10/14/brian-fallon-the-painkillers-tickets,World Stage Live,/venues/world-stage-live,3025 Walnut St,Philadelphia,PA,19104,8:00PM,1,27,17536555,FALSE,FALSE,NA,TRUE,https://etix.prf.hn/click/camref:1011l3GdWo/pubref:dostuff/destination:https%3A%2F%2Fwww.etix.com%2Fticket%2Fp%2F47931175%2Fbrian-fallon-the-painkillers-philadelphia-music-hall-at-world-stage,NA,5
Cigarettes For Breakfast / Glimmer / Velvet Graves / Soft No,music,,/events/2026/10/15/cigarettes-for-breakfast-glimmer-velvet-graves-soft-no-tickets,Khyber Pass Pub,/venues/khyber-pass-pub,56 S 2nd St,Philadelphia,PA,19106,7:00PM,2,7,17795823,FALSE,FALSE,NA,FALSE,NA,NA,5
Rjd2,music,,/events/2026/10/15/rjd2-tickets,MilkBoy,/venues/milkboy,1100 Chestnut Street,Philadelphia,PA,19107,7:30PM,2,28,17373126,FALSE,FALSE,NA,TRUE,https://tixr.com/af/dostuff/189940,NA,5
Steve Lacy: Oh yeah? Tour,music,,/events/2026/10/15/steve-lacy-oh-yeah-tour-tickets,Freedom Mortgage Pavilion,/venues/freedom-mortgage-pavilion,3501C S Delaware Ave,Camden,Ne,08103,8:00PM,4,30,17727703,FALSE,FALSE,NA,TRUE,https://ticketmaster.evyy.net/c/253185/264167/4272?SharedId=DoStuff&u=https%3A%2F%2Fwww.ticketmaster.com%2Fsteve-lacy-oh-yeah-tour-camden-new-jersey-10-15-2026%2Fevent%2F0200650AD0AEF030,NA,5
Inter Arma,music,,/events/2026/10/16/inter-arma-tickets,Nikki Lopez,/venues/nikki-lopez,"304 South St, Philadelphia, PA 19147",Philadelphia,PA,19147,7:00PM,2,28,17770967,FALSE,FALSE,NA,TRUE,https://ticketmaster.evyy.net/c/253185/264167/4272?SharedId=DoStuff&u=https%3A%2F%2Fwww.ticketweb.com%2Fevent%2Finter-arma-nikki-lopez-philly-tickets%2F14284544,NA,5
"The Bald and the Beautiful LIVE: Very Bald, Very Beautiful",comedy,,/events/2026/10/16/the-bald-and-the-beautiful-live-very-bald-very-beautiful-tickets,The Met,/venues/the-met,858 N Broad St,Philadelphia,PA,19130,7:30PM,1,6,17633700,FALSE,FALSE,NA,TRUE,https://ticketmaster.evyy.net/c/253185/264167/4272?SharedId=DoStuff&u=https%3A%2F%2Fwww.ticketmaster.com%2Fthe-bald-and-the-beautiful-live-philadelphia-pennsylvania-10-16-2026%2Fevent%2F020064EAE1A2414D,NA,5
BoomBox,music,,/events/2026/10/16/boombox-tickets,Ardmore Music Hall,/venues/ardmore-music-hall,23 E Lancaster Ave,Ardmore,Pe,19003,8:00PM,1,27,17341775,FALSE,FALSE,NA,TRUE,https://tixr.com/af/dostuff/188099,NA,5
Brand New,music,,/events/2026/10/16/brand-new-tickets,Highmark Mann,/venues/highmark-mann,5201 Parkside Ave,Philadelphia,PA,19131,8:00PM,2,28,17528407,FALSE,FALSE,NA,TRUE,https://ticketmaster.evyy.net/c/253185/264167/4272?SharedId=DoStuff&u=https%3A%2F%2Fwww.ticketmaster.com%2Fbrand-new-philadelphia-pennsylvania-10-16-2026%2Fevent%2F020064CAC6314AC8,NA,5
Philly Coffee Festival,food-drink,,/events/2026/10/17/philly-coffee-festival-tickets,23rd Street Armory,/venues/23rd-street-armory,22 S 23rd St,Philadelphia,PA,19103,9:00AM,98,99,16686410,FALSE,TRUE,Through Oct 18,TRUE,NA,Enter for a chance to win a pair of tickets!,5
Fall Mac n' Cheese Crawl,arts-family,,/events/2026/10/17/fall-mac-n-cheese-crawl-tickets,Manayunk,/venues/manayunk,NA,NA,NA,NA,12:00PM,4,6,17769706,FALSE,FALSE,NA,TRUE,NA,NA,5
Temple Owls Football,sports,,/events/2026/10/17/temple-owls-football-tickets,Lincoln Financial Field,/venues/lincoln-financial-field,1020 Pattison Avenue,Philadelphia,PA,19147,7:00PM,2,3,17020993,FALSE,FALSE,NA,TRUE,https://ticketmaster.evyy.net/c/253185/264167/4272?SharedId=DoStuff&u=https%3A%2F%2Fwww.ticketmaster.com%2Fevent%2FZ7r9jZ1A7-pvf,NA,6
Temple University Owls Football vs. Charlotte 49ers Football,sports,,/events/2026/10/17/temple-university-owls-football-vs-charlotte-49ers-football-tickets,Lincoln Financial Field,/venues/lincoln-financial-field,1020 Pattison Avenue,Philadelphia,PA,19147,7:00PM,1,2,17575741,FALSE,FALSE,NA,TRUE,https://ticketmaster.evyy.net/c/253185/264167/4272?SharedId=DoStuff&u=https%3A%2F%2Fwww.ticketmaster.com%2Ftemple-university-owls-football-vs-charlotte-philadelphia-pennsylvania-10-17-2026%2Fevent%2F020064D8DDC4F57A,NA,6
Lauren Sanderson,music,Presented by 4333 Collective.,/events/2026/10/17/lauren-sanderson-tickets,Ukie Club,/venues/ukie-club,847 N Franklin St,Philadelphia,PA,19123,7:30PM,1,12,17434976,FALSE,FALSE,NA,TRUE,https://link.dice.fm/Aba8b9cbeaaf?pid=717f1d8a,NA,6
Little Big Town - For The Art Of It Tour,music,,/events/2026/10/17/little-big-town-for-the-art-of-it-tour-tickets,The Met,/venues/the-met,858 N Broad St,Philadelphia,PA,19130,7:30PM,2,28,17461040,FALSE,FALSE,NA,TRUE,https://ticketmaster.evyy.net/c/253185/264167/4272?SharedId=DoStuff&u=https%3A%2F%2Fwww.ticketmaster.com%2Flittle-big-town-for-the-art-philadelphia-pennsylvania-10-17-2026%2Fevent%2F020064C4D2125B74,NA,6
Stephen Day,music,,/events/2026/10/17/stephen-day-tickets,Ardmore Music Hall,/venues/ardmore-music-hall,23 E Lancaster Ave,Ardmore,Pe,19003,8:00PM,1,7,17461045,FALSE,FALSE,NA,TRUE,https://tixr.com/af/dostuff/168580,NA,6
Sienna Spiro: My House Tour,music,,/events/2026/10/17/sienna-spiro-my-house-tour-tickets,The Fillmore,/venues/the-fillmore,29 East Allen Street,Philadelphia,PA,19123,8:00PM,3,10,17471076,FALSE,FALSE,NA,TRUE,https://ticketmaster.evyy.net/c/253185/264167/4272?SharedId=DoStuff&u=https%3A%2F%2Fwww.ticketmaster.com%2Fsienna-spiro-my-house-tour-philadelphia-pennsylvania-10-17-2026%2Fevent%2F020064C50521796D,NA,6
Screeching Weasel with The Queers,music,Scenic and Nikki Lopez Present:,/events/2026/10/17/screeching-weasel-with-the-queers-tickets,Theatre of Living Arts,/venues/theatre-of-living-arts,334 South St,Philadelphia,PA,19147,8:00PM,2,55,17745283,FALSE,FALSE,NA,TRUE,https://ticketmaster.evyy.net/c/253185/264167/4272?SharedId=DoStuff&u=https%3A%2F%2Fwww.ticketmaster.com%2Fscenic-and-nikki-lopez-present-screeching-philadelphia-pennsylvania-10-17-2026%2Fevent%2F0200650FFAC2E312,NA,6
Rights To Ricky Sanchez: Live RIcky VII w/ Dom Barlow,arts-family,*THIS IS A GENERAL ADMISSION SEATED EVENT*,/events/2026/10/17/rights-to-ricky-sanchez-live-ricky-vii-w-dom-barlow-tickets,Franklin Music Hall,/venues/franklin-music-hall,421 N. 7th Street,Philadelphia,PA,19123,8:30PM,1,6,17861733,FALSE,FALSE,NA,TRUE,https://www.axs.com/events/1615107/rights-to-ricky-sanchez-live-ricky-vii-w-dom-barlow-tickets?cid=usaffdostuff,NA,6
The Shakedown 25 Year Anniversary feat. Louie Vega All Night Long!,dj-parties,,/events/2026/10/17/the-shakedown-25-year-anniversary-feat-louie-vega-all-night-long-tickets,Warehouse on Watts,/venues/warehouse-on-watts,923 N Watts St,Philadelphia,PA,19123,10:00PM,27,57,17703951,FALSE,FALSE,NA,TRUE,https://tixr.com/af/dostuff/201864,Enter for a chance to win a pair of tickets!,6
PHLY Eagles Pre-Game Tailgate vs Panthers,sports,True Fan Travel Presents,/events/2026/10/18/phly-eagles-pre-game-tailgate-vs-panthers-tickets,Lincoln Financial Field,/venues/lincoln-financial-field,1020 Pattison Avenue,Philadelphia,PA,19147,9:00AM,31,55,17830158,FALSE,FALSE,NA,TRUE,https://allphly.com/events/,Enter to Win a pair of VIP Tailgate Passes,6
Philadelphia Eagles vs. Carolina Panthers,sports,,/events/2026/10/18/philadelphia-eagles-vs-carolina-panthers-tickets,Lincoln Financial Field,/venues/lincoln-financial-field,1020 Pattison Avenue,Philadelphia,PA,19147,1:00PM,3,4,17353050,FALSE,FALSE,NA,TRUE,https://ticketmaster.evyy.net/c/253185/264167/4272?SharedId=DoStuff&u=https%3A%2F%2Fwww.ticketmaster.com%2Fphiladelphia-eagles-vs-carolina-panthers-philadelphia-pennsylvania-10-18-2026%2Fevent%2F0200646D960AA6BC,NA,6
"Josh Thomas: Jiggle, Jiggle",comedy,,/events/2026/10/18/josh-thomas-jiggle-jiggle-tickets,Theatre of Living Arts,/venues/theatre-of-living-arts,334 South St,Philadelphia,PA,19147,7:00PM,1,4,17062369,FALSE,FALSE,NA,TRUE,https://ticketmaster.evyy.net/c/253185/264167/4272?SharedId=DoStuff&u=https%3A%2F%2Fwww.ticketmaster.com%2Fjosh-thomas-jiggle-jiggle-philadelphia-pennsylvania-10-18-2026%2Fevent%2F02006457D2FFE521,NA,6
Beck: Ride Lonesome Tour,music,,/events/2026/10/18/beck-ride-lonesome-tour-tickets,The Met,/venues/the-met,858 N Broad St,Philadelphia,PA,19130,8:00PM,6,32,17247748,FALSE,FALSE,NA,TRUE,https://ticketmaster.evyy.net/c/253185/264167/4272?SharedId=DoStuff&u=https%3A%2F%2Fwww.ticketmaster.com%2Fbeck-ride-lonesome-tour-philadelphia-pennsylvania-10-18-2026%2Fevent%2F0200648E9B3289CB,NA,6
Katt Williams On Book Tour! ,comedy,,/events/2026/10/19/katt-williams-on-book-tour-tickets,The Fillmore,/venues/the-fillmore,29 East Allen Street,Philadelphia,PA,19123,8:00PM,1,27,17834332,FALSE,FALSE,NA,TRUE,https://ticketmaster.evyy.net/c/253185/264167/4272?SharedId=DoStuff&u=https%3A%2F%2Fwww.ticketmaster.com%2Fkatt-williams-on-book-tour-philadelphia-pennsylvania-10-19-2026%2Fevent%2F02006515D17D9098,NA,6
JPEGMAFIA: the Experimental Rap Tour,music,,/events/2026/10/20/jpegmafia-the-experimental-rap-tour-tickets,The Fillmore,/venues/the-fillmore,29 East Allen Street,Philadelphia,PA,19123,7:30PM,2,28,17297036,FALSE,FALSE,NA,TRUE,https://ticketmaster.evyy.net/c/253185/264167/4272?SharedId=DoStuff&u=https%3A%2F%2Fwww.ticketmaster.com%2Fjpegmafia-the-experimental-rap-tour-philadelphia-pennsylvania-10-20-2026%2Fevent%2F0200648AA8B3AF21,NA,6
The Brothers Comatose,music,,/events/2026/10/21/the-brothers-comatose-tickets,Ardmore Music Hall,/venues/ardmore-music-hall,23 E Lancaster Ave,Ardmore,Pe,19003,8:00PM,1,27,17464199,FALSE,FALSE,NA,TRUE,https://tixr.com/af/dostuff/191232,NA,6
Periphery - A Pale White Dot US Tour,music,,/events/2026/10/22/periphery-a-pale-white-dot-us-tour-tickets,The Fillmore,/venues/the-fillmore,29 East Allen Street,Philadelphia,PA,19123,6:30PM,1,27,17404803,FALSE,FALSE,NA,TRUE,https://ticketmaster.evyy.net/c/253185/264167/4272?SharedId=DoStuff&u=https%3A%2F%2Fwww.ticketmaster.com%2Fperiphery-a-pale-white-dot-us-philadelphia-pennsylvania-10-22-2026%2Fevent%2F020064B38A8C5992,NA,6
Insane Clown Posse,music,,/events/2026/10/22/insane-clown-posse-tickets,Franklin Music Hall,/venues/franklin-music-hall,421 N. 7th Street,Philadelphia,PA,19123,7:00PM,2,30,17191687,FALSE,FALSE,NA,TRUE,https://www.axs.com/events/1402210/insane-clown-posse-tickets?cid=usaffdostuff,NA,6
The Rosenbach Presents | The Vampyre Tea: Afternoon Tea and Opera Performance with Opera on Tap Philadelphia | In Person,arts-culture,,/events/2026/10/23/the-rosenbach-presents-the-vampyre-tea-afternoon-tea-and-opera-performance-with-opera-on-tap-philadelphia-in-person-tickets,The Rosenbach Museum and Library,/venues/the-rosenbach-museum-and-library,NA,NA,NA,NA,1:30PM,1,2,17700710,FALSE,FALSE,NA,TRUE,https://10991a.blackbaudhosting.com/10991a/The-Vampyre-Tea-Afternoon-Tea-and-Opera-Performance-with-Operaon-Tap-Philadelphia,NA,6
Jesse Welles: Red Tour 2026,music,WXPN Welcomes,/events/2026/10/23/jesse-welles-red-tour-2026-tickets,The Met,/venues/the-met,858 N Broad St,Philadelphia,PA,19130,8:00PM,2,11,17108126,FALSE,FALSE,NA,TRUE,https://ticketmaster.evyy.net/c/253185/264167/4272?SharedId=DoStuff&u=https%3A%2F%2Fwww.ticketmaster.com%2Fwxpn-welcomes-jesse-welles-red-tour-philadelphia-pennsylvania-10-23-2026%2Fevent%2F02006462B9B7C99F,NA,6
horsegiirL - NATURE IS HEALING TOUR,music,,/events/2026/10/23/horsegiirl-nature-is-healing-tour-tickets,The Fillmore,/venues/the-fillmore,29 East Allen Street,Philadelphia,PA,19123,8:00PM,1,14,17327230,FALSE,FALSE,NA,TRUE,https://ticketmaster.evyy.net/c/253185/264167/4272?SharedId=DoStuff&u=https%3A%2F%2Fwww.ticketmaster.com%2Fhorsegiirl-nature-is-healing-tour-philadelphia-pennsylvania-10-23-2026%2Fevent%2F0200649B3EF6DD91,NA,6
Paris Paloma,music,The Fatal Flaw Tour,/events/2026/10/23/paris-paloma-tickets,Franklin Music Hall,/venues/franklin-music-hall,421 N. 7th Street,Philadelphia,PA,19123,8:30PM,2,9,17327242,FALSE,FALSE,NA,TRUE,https://www.axs.com/events/1436225/paris-paloma-tickets?cid=usaffdostuff,NA,6
Pennsylvania Chocolate and Coffee Festival,convention,Public Event,/events/2026/10/24/pennsylvania-chocolate-and-coffee-festival-tickets,Greater Philadelphia Expo Center at Oaks,/venues/greater-philadelphia-expo-center-at-oaks,100 Station Ave,Oaks,PA,19456,9:00AM,2,3,16674666,FALSE,FALSE,NA,TRUE,https://www.pachocolateandcoffee.com/,NA,6
CultureFest!,arts-culture,,/events/2026/10/24/culturefest-tickets,Penn Museum,/venues/penn-museum,3260 South Street,Philadelphia,PA,19104,10:00AM,1,2,17745264,FALSE,FALSE,NA,TRUE,https://446.blackbaudhosting.com/446/page.aspx?pid=196&tab=2&txobjid=36efe832-9eed-471f-8133-23de5d3e14b7,NA,6
Movements,music,HAPPIER NOW USA TOUR,/events/2026/10/24/movements-tickets,Franklin Music Hall,/venues/franklin-music-hall,421 N. 7th Street,Philadelphia,PA,19123,7:30PM,1,29,17338437,FALSE,FALSE,NA,TRUE,https://www.axs.com/events/1438524/movements-tickets?cid=usaffdostuff,NA,6
Cavetown - Running With Scissors Tour,music,,/events/2026/10/24/cavetown-running-with-scissors-tour-tickets,The Fillmore,/venues/the-fillmore,29 East Allen Street,Philadelphia,PA,19123,8:00PM,1,26,17221537,FALSE,FALSE,NA,TRUE,https://ticketmaster.evyy.net/c/253185/264167/4272?SharedId=DoStuff&u=https%3A%2F%2Fwww.ticketmaster.com%2Fcavetown-running-with-scissors-tour-philadelphia-pennsylvania-10-24-2026%2Fevent%2F0200647FD726DCB3,NA,7
The Damned,music,FINAL DAMNATION 50,/events/2026/10/24/the-damned-tickets,Union Transfer,/venues/union-transfer,1026 Spring Garden St.,Philadelphia,PA,19123,8:00PM,2,28,17247744,FALSE,FALSE,NA,TRUE,https://www.axs.com/events/1413554/the-damned-tickets?cid=usaffdostuff,NA,7
Arcángel - La 8va Maravilla World Tour,music,,/events/2026/10/24/arcangel-la-8va-maravilla-world-tour-tickets,The Met,/venues/the-met,858 N Broad St,Philadelphia,PA,19130,8:00PM,1,14,17404807,FALSE,FALSE,NA,TRUE,https://ticketmaster.evyy.net/c/253185/264167/4272?SharedId=DoStuff&u=https%3A%2F%2Fwww.ticketmaster.com%2Farcangel-la-8va-maravilla-world-tour-philadelphia-pennsylvania-10-24-2026%2Fevent%2F020064ACD3DEEC4B,NA,7
Sad & Boujee Halloween,dj-parties,,/events/2026/10/24/sad-boujee-halloween-tickets,Moshulu,/venues/moshulu,401 S. Columbus Blvd,Philadelphia,PA,19106,9:00PM,4,5,17851145,FALSE,FALSE,NA,TRUE,NA,NA,7
Philly Flannel Fest,street-festival,,/events/2026/10/25/philly-flannel-fest-tickets,The Braid Mill,/venues/the-braid-mill,441 High St,Philadelphia,PA,19144,12:00PM,4,5,17769847,FALSE,FALSE,NA,TRUE,https://phillyflannelfest.com,NA,7
Osees ft. Brigid Dawson,music,,/events/2026/10/25/osees-tickets,Union Transfer,/venues/union-transfer,1026 Spring Garden St.,Philadelphia,PA,19123,8:00PM,4,30,16710432,FALSE,FALSE,NA,TRUE,https://www.axs.com/events/1239136/osees-ft-brigid-dawson-tickets?cid=usaffdostuff,NA,7
PHLY Eagles Pre-Game Tailgate vs Cowboys,sports,True Fan Travel Presents,/events/2026/10/26/phly-eagles-pre-game-tailgate-vs-cowboys-tickets,Lincoln Financial Field,/venues/lincoln-financial-field,1020 Pattison Avenue,Philadelphia,PA,19147,4:00PM,27,52,17830162,FALSE,FALSE,NA,TRUE,https://allphly.com/events/,Enter to Win a pair of VIP Tailgate Passes,7
Arch Enemy + The Black Dahlia Murder: Wrath Across North America 2026,music,,/events/2026/10/26/arch-enemy-the-black-dahlia-murder-wrath-across-north-america-2026-tickets-abznkwx,Theater of the Living Arts,/venues/theater-of-the-living-arts,334 South St ,Philadelphia,PA,19147,6:00PM,1,27,17769541,FALSE,FALSE,NA,TRUE,https://ticketmaster.evyy.net/c/253185/264167/4272?SharedId=DoStuff&u=https%3A%2F%2Fwww.ticketmaster.com%2Farch-enemy-the-black-dahlia-murder-philadelphia-pennsylvania-10-26-2026%2Fevent%2F020064AFE5476E85,NA,7
Philadelphia Eagles vs. Dallas Cowboys,sports,,/events/2026/10/26/philadelphia-eagles-vs-dallas-cowboys-tickets,Lincoln Financial Field,/venues/lincoln-financial-field,1020 Pattison Avenue,Philadelphia,PA,19147,8:15PM,3,4,17353052,FALSE,FALSE,NA,TRUE,https://ticketmaster.evyy.net/c/253185/264167/4272?SharedId=DoStuff&u=https%3A%2F%2Fwww.ticketmaster.com%2Fphiladelphia-eagles-vs-dallas-cowboys-philadelphia-pennsylvania-10-26-2026%2Fevent%2F0200646D960EA6CC,NA,7
Dent May,music,,/events/2026/10/27/dent-may-tickets,MilkBoy,/venues/milkboy,1100 Chestnut Street,Philadelphia,PA,19107,8:00PM,1,27,17385898,FALSE,FALSE,NA,TRUE,https://tixr.com/af/dostuff/190735,NA,7
"Mannequin Pussy, Dark Thoughts, KulfiGirls, Commitment, and Cult Objects (Benefit for Carolyn)",music,,/events/2026/10/28/mannequin-pussy-dark-thoughts-kulfigirls-commitment-and-cult-objects-benefit-for-carolyn-tickets,First Unitarian Church,/venues/first-unitarian-church,2125 Chestnut St,Philadelphia,PA,19103,6:00PM (doors),3,29,17755080,FALSE,FALSE,NA,TRUE,https://etix.prf.hn/click/camref:1011l3GdWo/pubref:dostuff/destination:https%3A%2F%2Fwww.etix.com%2Fticket%2Fp%2F42969698%2Fmannequin-pussywith-dark-thoughtskulfigirlscommitmentcult-objects-philadelphia-the-first-unitarian-church,NA,7
Rasputina,music,,/events/2026/10/28/rasputina-tickets,MilkBoy,/venues/milkboy,1100 Chestnut Street,Philadelphia,PA,19107,8:00PM,2,28,17338446,FALSE,FALSE,NA,TRUE,https://tixr.com/af/dostuff/189432,NA,7
Dana and Alden,music,,/events/2026/10/28/dana-alden-tickets,Ukie Club,/venues/ukie-club,847 N Franklin St,Philadelphia,PA,19123,8:00PM,2,14,17439105,FALSE,FALSE,NA,TRUE,https://etix.prf.hn/click/camref:1011l3GdWo/pubref:dostuff/destination:https%3A%2F%2Fwww.etix.com%2Fticket%2Fp%2F51951212%2Fdana-alden-philadelphia-sanctuary-at-the-first-unitarian-church%3Fpartner_id%3D100,NA,7
The Blair Witch Project,arts-family,Movie Screening and Q&A with,/events/2026/10/29/the-blair-witch-project-tickets,Keswick Theatre,/venues/keswick-theatre,291 N Keswick Ave,Glenside,Pe,19038,8:00PM,3,8,17404778,FALSE,FALSE,NA,TRUE,https://www.axs.com/events/1462646/the-blair-witch-project-tickets?cid=usaffdostuff,NA,7
Speed,music,,/events/2026/10/29/speed-tickets,Union Transfer,/venues/union-transfer,1026 Spring Garden St.,Philadelphia,PA,19123,8:00PM,3,22,17788286,FALSE,FALSE,NA,TRUE,https://www.axs.com/events/1586307/speed-tickets?cid=usaffdostuff,NA,7
Virginia Union University Vs Lincoln University,sports,,/events/2026/10/30/virginia-union-university-vs-lincoln-university-tickets,Lincoln Financial Field,/venues/lincoln-financial-field,1020 Pattison Avenue,Philadelphia,PA,19147,7:00PM,1,2,17719350,FALSE,FALSE,NA,TRUE,https://ticketmaster.evyy.net/c/253185/264167/4272?SharedId=DoStuff&u=https%3A%2F%2Fwww.ticketmaster.com%2Fvirginia-union-university-vs-lincoln-university-philadelphia-pennsylvania-10-30-2026%2Fevent%2F02006506959B8447,NA,7
"Holywatr (Moved to Union Transfer!), with Mercury",music,,/events/2026/10/30/holywatr-tickets,Union Transfer,/venues/union-transfer,1026 Spring Garden St.,Philadelphia,PA,19123,8:00PM,2,6,17490525,FALSE,FALSE,NA,FALSE,NA,NA,7
Built To Spill,music,,/events/2026/10/30/built-to-spill-tickets,Ardmore Music Hall,/venues/ardmore-music-hall,23 E Lancaster Ave,Ardmore,Pe,19003,8:00PM,2,28,17493306,FALSE,FALSE,NA,TRUE,https://tixr.com/af/dostuff/194711,NA,7
Vince Staples,music,Cry Baby Tour,/events/2026/10/30/vince-staples-tickets,Franklin Music Hall,/venues/franklin-music-hall,421 N. 7th Street,Philadelphia,PA,19123,8:00PM,4,32,17500988,FALSE,FALSE,NA,TRUE,https://www.axs.com/events/1485579/vince-staples-tickets?cid=usaffdostuff,NA,7
Yebba: Jean Tour,music,,/events/2026/10/30/yebba-jean-tour-tickets,The Fillmore,/venues/the-fillmore,29 East Allen Street,Philadelphia,PA,19123,8:00PM,1,21,17767010,FALSE,FALSE,NA,TRUE,https://ticketmaster.evyy.net/c/253185/264167/4272?SharedId=DoStuff&u=https%3A%2F%2Fwww.ticketmaster.com%2Fyebba-jean-tour-philadelphia-pennsylvania-10-30-2026%2Fevent%2F0200651302F23470,NA,7
MISCHIEF NIGHT w/ LAUREN FLAX B2B MIKE SERVITO,music,,/events/2026/10/30/mischief-night-w-lauren-flax-b2b-mike-servito-tickets,The Dolphin,/venues/the-dolphin,1539 S Broad St,Philadelphia,PA,19147,9:00PM,5,7,17858609,FALSE,FALSE,NA,TRUE,https://etix.prf.hn/click/camref:1011l3GdWo/pubref:dostuff/destination:https%3A%2F%2Fwww.etix.com%2Fticket%2Fp%2F72664093%2Fmischief-night-wlauren-flax-b2b-mike-servito-philadelphia-the-dolphin,NA,7
Delaware State University Vs Norfolk State University,sports,,/events/2026/10/31/delaware-state-university-vs-norfolk-state-university-tickets,Lincoln Financial Field,/venues/lincoln-financial-field,1020 Pattison Avenue,Philadelphia,PA,19147,3:00PM,1,2,17719349,FALSE,FALSE,NA,TRUE,https://ticketmaster.evyy.net/c/253185/264167/4272?SharedId=DoStuff&u=https%3A%2F%2Fwww.ticketmaster.com%2Fdelaware-state-university-vs-norfolk-state-philadelphia-pennsylvania-10-31-2026%2Fevent%2F02006506952F8321,NA,7
She Wants Revenge,music,,/events/2026/10/31/she-wants-revenge-tickets,Brooklyn Bowl Philadelphia,/venues/brooklyn-bowl-philadelphia,1009 Canal St,Philadelphia,PA,19123,8:00PM,1,27,17341733,FALSE,FALSE,NA,TRUE,https://ticketmaster.evyy.net/c/253185/264167/4272?SharedId=DoStuff&u=https%3A%2F%2Fwww.ticketmaster.com%2Fshe-wants-revenge-philadelphia-pennsylvania-10-31-2026%2Fevent%2F020064A716546350,NA,7
"Making Time PURE HALLOWEEN with Boy Harsher, Model/Actriz, Conducta, Marie Davidson (DJ Set)",music,,/events/2026/10/31/making-time-pure-halloween-with-boy-harsher-model-actriz-conducta-marie-davidson-dj-set-tickets,Franklin Music Hall,/venues/franklin-music-hall,421 N. 7th Street,Philadelphia,PA,19123,8:00PM,3,36,17471090,FALSE,FALSE,NA,TRUE,https://www.axs.com/events/1477925/making-time-pure-halloween-with-boy-tickets?cid=usaffdostuff,NA,7
Third Eye Blind - Halloween 2026,music,,/events/2026/10/31/third-eye-blind-halloween-2026-tickets,The Fillmore,/venues/the-fillmore,29 East Allen Street,Philadelphia,PA,19123,8:00PM,2,28,17716739,FALSE,FALSE,NA,TRUE,https://ticketmaster.evyy.net/c/253185/264167/4272?SharedId=DoStuff&u=https%3A%2F%2Fwww.ticketmaster.com%2Fthird-eye-blind-halloween-2026-philadelphia-pennsylvania-10-31-2026%2Fevent%2F02006506F2256994,NA,7
MARVIN - The Marvin Gaye Musical,theatre-performing-arts,,/events/2026/10/31/marvin-the-marvin-gaye-musical-tickets,The Met,/venues/the-met,858 N Broad St,Philadelphia,PA,19130,8:00PM,1,2,17721329,FALSE,FALSE,NA,TRUE,https://ticketmaster.evyy.net/c/253185/264167/4272?SharedId=DoStuff&u=https%3A%2F%2Fwww.ticketmaster.com%2Fmarvin-the-marvin-gaye-musical-philadelphia-pennsylvania-10-31-2026%2Fevent%2F0200650BAB5ECFC7,NA,8
Dracula's Ball ft. Lords of Acid,music,,/events/2026/10/31/dracula-s-ball-ft-lords-of-acid-tickets,Underground Arts,/venues/underground-arts,1200 Callowhill St,Philadelphia,PA,19107,9:00PM,2,28,17385904,FALSE,FALSE,NA,TRUE,https://tixr.com/af/dostuff/191062,NA,8
Haunted Ship Halloween Party,dj-parties,,/events/2026/10/31/haunted-ship-halloween-party-tickets,Moshulu,/venues/moshulu,401 S. Columbus Blvd,Philadelphia,PA,19106,9:00PM,4,5,17844797,FALSE,FALSE,NA,TRUE,NA,NA,8
RAWAYANA - ¿Dónde es el after? World Tour,music,,/events/2026/11/1/rawayana-donde-es-el-after-world-tour-tickets,The Met,/venues/the-met,858 N Broad St,Philadelphia,PA,19130,8:00PM,1,9,17096245,FALSE,FALSE,NA,TRUE,https://ticketmaster.evyy.net/c/253185/264167/4272?SharedId=DoStuff&u=https%3A%2F%2Fwww.ticketmaster.com%2Frawayana-donde-es-el-after-world-philadelphia-pennsylvania-11-01-2026%2Fevent%2F0200646BAE8BC23B,NA,8
Harbour,music,,/events/2026/11/2/harbour-tickets,Underground Arts,/venues/underground-arts,1200 Callowhill St,Philadelphia,PA,19107,8:00PM,1,5,17521425,FALSE,FALSE,NA,TRUE,https://tixr.com/af/dostuff/195379,NA,8
Palace,music,USA & Canada Tour 2026,/events/2026/11/3/palace-tickets,Franklin Music Hall,/venues/franklin-music-hall,421 N. 7th Street,Philadelphia,PA,19123,8:00PM,1,29,17251952,FALSE,FALSE,NA,TRUE,https://www.axs.com/events/1414923/palace-tickets?cid=usaffdostuff,NA,8
Blu DeTiger,music,,/events/2026/11/3/blu-detiger-tickets,Underground Arts,/venues/underground-arts,1200 Callowhill St,Philadelphia,PA,19107,8:30PM,1,27,17746947,FALSE,FALSE,NA,TRUE,https://tixr.com/af/dostuff/203139,NA,8
Bass Drum of Death,music,R5 Productions Presents,/events/2026/11/3/bass-drum-of-death-tickets,Johnny Brenda's,/venues/johnny-brenda-s,1201 Frankford Ave,Philadelphia,PA,19125,9:00PM,2,28,17692274,FALSE,FALSE,NA,TRUE,https://etix.prf.hn/click/camref:1011l3GdWo/pubref:dostuff/destination:https%3A%2F%2Fwww.etix.com%2Fticket%2Fp%2F41306738%2Fbass-drum-of-death-philadelphia-johnny-brendas,NA,8
Adam Ray: WHO IS ME Tour,comedy,,/events/2026/11/4/adam-ray-who-is-me-tour-tickets,The Fillmore,/venues/the-fillmore,29 East Allen Street,Philadelphia,PA,19123,7:30PM,1,27,17278610,FALSE,FALSE,NA,TRUE,https://ticketmaster.evyy.net/c/253185/264167/4272?SharedId=DoStuff&u=https%3A%2F%2Fwww.ticketmaster.com%2Fadam-ray-who-is-me-tour-philadelphia-pennsylvania-11-04-2026%2Fevent%2F02006498B6463931,NA,8
Donna The Buffalo + Assembly of Dust,music,,/events/2026/11/5/donna-the-buffalo-assembly-of-dust-tickets,Ardmore Music Hall,/venues/ardmore-music-hall,23 E Lancaster Ave,Ardmore,Pe,19003,7:30PM,1,27,17341776,FALSE,FALSE,NA,TRUE,https://tixr.com/af/dostuff/189133,NA,8
Alter Bridge,music,What Lies Within Tour,/events/2026/11/5/alter-bridge-tickets,Franklin Music Hall,/venues/franklin-music-hall,421 N. 7th Street,Philadelphia,PA,19123,7:30PM,2,30,17404813,FALSE,FALSE,NA,TRUE,https://www.axs.com/events/1457696/alter-bridge-tickets?cid=usaffdostuff,NA,8
Watch What Crappens: In The Mix Tour,comedy,,/events/2026/11/5/watch-what-crappens-in-the-mix-tour-tickets,The Fillmore,/venues/the-fillmore,29 East Allen Street,Philadelphia,PA,19123,8:00PM,1,4,17834333,FALSE,FALSE,NA,TRUE,https://ticketmaster.evyy.net/c/253185/264167/4272?SharedId=DoStuff&u=https%3A%2F%2Fwww.ticketmaster.com%2Fwatch-what-crappens-in-the-mix-philadelphia-pennsylvania-11-05-2026%2Fevent%2F02006523E80BA4D2,NA,8
Spotlight Magic!,music,Disney On Ice presents,/events/2026/11/6/spotlight-magic-tickets,Boardwalk Hall,/venues/boardwalk-hall,2301 Boardwalk,Atlantic City,NJ,08401,7:00PM,2,28,17489751,FALSE,FALSE,NA,TRUE,https://ticketmaster.evyy.net/c/253185/264167/4272?SharedId=DoStuff&u=https%3A%2F%2Fwww.ticketmaster.com%2Fdisney-on-ice-presents-spotlight-magic-atlantic-city-new-jersey-11-06-2026%2Fevent%2F020064BB0632B40B,NA,8
Sleeping With Sirens: An Ending In Itself Tour,music,,/events/2026/11/6/sleeping-with-sirens-an-ending-in-itself-tour-tickets,The Fillmore,/venues/the-fillmore,29 East Allen Street,Philadelphia,PA,19123,7:00PM,1,27,17489769,FALSE,FALSE,NA,TRUE,https://ticketmaster.evyy.net/c/253185/264167/4272?SharedId=DoStuff&u=https%3A%2F%2Fwww.ticketmaster.com%2Fsleeping-with-sirens-an-ending-in-philadelphia-pennsylvania-11-06-2026%2Fevent%2F020064CB97B5A882,NA,8
Spotlight Magic!,music,Disney On Ice presents,/events/2026/11/7/spotlight-magic-tickets,Boardwalk Hall,/venues/boardwalk-hall,2301 Boardwalk,Atlantic City,NJ,08401,12:00PM,1,27,17489752,FALSE,FALSE,NA,TRUE,https://ticketmaster.evyy.net/c/253185/264167/4272?SharedId=DoStuff&u=https%3A%2F%2Fwww.ticketmaster.com%2Fdisney-on-ice-presents-spotlight-magic-atlantic-city-new-jersey-11-07-2026%2Fevent%2F020064BB063AB435,NA,8
Spotlight Magic!,music,Disney On Ice presents,/events/2026/11/7/spotlight-magic-tickets-vmojd91,Boardwalk Hall,/venues/boardwalk-hall,2301 Boardwalk,Atlantic City,NJ,08401,4:00PM,1,27,17489753,FALSE,FALSE,NA,TRUE,https://ticketmaster.evyy.net/c/253185/264167/4272?SharedId=DoStuff&u=https%3A%2F%2Fwww.ticketmaster.com%2Fdisney-on-ice-presents-spotlight-magic-atlantic-city-new-jersey-11-07-2026%2Fevent%2F020064BB0636B424,NA,8
Ben Schwartz & Friends,comedy,,/events/2026/11/7/ben-schwartz-friends-tickets,The Met,/venues/the-met,858 N Broad St,Philadelphia,PA,19130,7:00PM,2,28,16947683,FALSE,FALSE,NA,TRUE,https://ticketmaster.evyy.net/c/253185/264167/4272?SharedId=DoStuff&u=https%3A%2F%2Fwww.ticketmaster.com%2Fben-schwartz-friends-philadelphia-pennsylvania-11-07-2026%2Fevent%2F02006443BAE28F57,NA,8
Geese - Getting Killed Again Tour,music,WXPN Welcomes:,/events/2026/11/7/geese-getting-killed-again-tour-tickets,The Fillmore,/venues/the-fillmore,29 East Allen Street,Philadelphia,PA,19123,8:00PM,6,32,17270197,FALSE,FALSE,NA,TRUE,https://ticketmaster.evyy.net/c/253185/264167/4272?SharedId=DoStuff&u=https%3A%2F%2Fwww.ticketmaster.com%2Fwxpn-welcomes-geese-getting-killed-again-philadelphia-pennsylvania-11-07-2026%2Fevent%2F02006496F4F8A3B2,NA,8
PHLY Eagles Pre-Game Tailgate vs Giants,sports,True Fan Travel Presents,/events/2026/11/8/phly-eagles-pre-game-tailgate-vs-giants-tickets,Lincoln Financial Field,/venues/lincoln-financial-field,1020 Pattison Avenue,Philadelphia,PA,19147,9:00AM,58,83,17830170,FALSE,FALSE,NA,TRUE,https://allphly.com/events/,Enter to Win a pair of VIP Tailgate Passes,8
Spotlight Magic!,music,Disney On Ice presents,/events/2026/11/8/spotlight-magic-tickets-d0kd3kq,Boardwalk Hall,/venues/boardwalk-hall,2301 Boardwalk,Atlantic City,NJ,08401,12:00PM,1,27,17489755,FALSE,FALSE,NA,TRUE,https://ticketmaster.evyy.net/c/253185/264167/4272?SharedId=DoStuff&u=https%3A%2F%2Fwww.ticketmaster.com%2Fdisney-on-ice-presents-spotlight-magic-atlantic-city-new-jersey-11-08-2026%2Fevent%2F020064BB0642B45A,NA,8
Philadelphia Eagles vs. New York Giants,sports,,/events/2026/11/8/philadelphia-eagles-vs-new-york-giants-tickets,Lincoln Financial Field,/venues/lincoln-financial-field,1020 Pattison Avenue,Philadelphia,PA,19147,1:00PM,3,4,17353054,FALSE,FALSE,NA,TRUE,https://ticketmaster.evyy.net/c/253185/264167/4272?SharedId=DoStuff&u=https%3A%2F%2Fwww.ticketmaster.com%2Fphiladelphia-eagles-vs-new-york-giants-philadelphia-pennsylvania-11-08-2026%2Fevent%2F0200646D961FA70E,NA,8
Spotlight Magic!,music,Disney On Ice presents,/events/2026/11/8/spotlight-magic-tickets,Boardwalk Hall,/venues/boardwalk-hall,2301 Boardwalk,Atlantic City,NJ,08401,4:00PM,1,27,17489754,FALSE,FALSE,NA,TRUE,https://ticketmaster.evyy.net/c/253185/264167/4272?SharedId=DoStuff&u=https%3A%2F%2Fwww.ticketmaster.com%2Fdisney-on-ice-presents-spotlight-magic-atlantic-city-new-jersey-11-08-2026%2Fevent%2F020064BB063EB443,NA,8
Spotlight Magic!,music,Disney On Ice presents,/events/2026/11/8/spotlight-magic-tickets,Boardwalk Hall,/venues/boardwalk-hall,2301 Boardwalk,Atlantic City,NJ,08401,4:00PM,1,27,17489754,FALSE,FALSE,NA,TRUE,https://ticketmaster.evyy.net/c/253185/264167/4272?SharedId=DoStuff&u=https%3A%2F%2Fwww.ticketmaster.com%2Fdisney-on-ice-presents-spotlight-magic-atlantic-city-new-jersey-11-08-2026%2Fevent%2F020064BB063EB443,NA,8
Geese - Getting Killed Again Tour,music,WXPN Welcomes:,/events/2026/11/8/geese-getting-killed-again-tour-tickets,The Fillmore,/venues/the-fillmore,29 East Allen Street,Philadelphia,PA,19123,8:00PM,6,32,17282931,FALSE,FALSE,NA,TRUE,https://ticketmaster.evyy.net/c/253185/264167/4272?SharedId=DoStuff&u=https%3A%2F%2Fwww.ticketmaster.com%2Fwxpn-welcomes-geese-getting-killed-again-philadelphia-pennsylvania-11-08-2026%2Fevent%2F02006496F4FCA3BA,NA,8
Saosin: 20 Years of Self-Titled,music,,/events/2026/11/10/saosin-20-years-of-self-titled-tickets,Brooklyn Bowl Philadelphia,/venues/brooklyn-bowl-philadelphia,1009 Canal St,Philadelphia,PA,19123,7:00PM,1,27,17341731,FALSE,FALSE,NA,TRUE,https://ticketmaster.evyy.net/c/253185/264167/4272?SharedId=DoStuff&u=https%3A%2F%2Fwww.ticketmaster.com%2Fsaosin-20-years-of-selftitled-philadelphia-pennsylvania-11-10-2026%2Fevent%2F02006497A4911E6F,NA,8
ADULT. + A Place To Bury Strangers,music,,/events/2026/11/10/adult-a-place-to-bury-strangers-tickets,Underground Arts,/venues/underground-arts,1200 Callowhill St,Philadelphia,PA,19107,9:00PM,1,27,17373146,FALSE,FALSE,NA,TRUE,https://tixr.com/af/dostuff/190596,NA,9
Orville Peck - Man Turned Mule Tour,music,,/events/2026/11/11/orville-peck-man-turned-mule-tour-tickets,The Met,/venues/the-met,858 N Broad St,Philadelphia,PA,19130,8:00PM,1,27,17662662,FALSE,FALSE,NA,TRUE,https://ticketmaster.evyy.net/c/253185/264167/4272?SharedId=DoStuff&u=https%3A%2F%2Fwww.ticketmaster.com%2Forville-peck-man-turned-mule-tour-philadelphia-pennsylvania-11-11-2026%2Fevent%2F020064F4D5BA69E1,NA,9
Big Ass Truck,music,Presented by 4333 Collective.,/events/2026/11/12/big-ass-truck-tickets,Ukie Club,/venues/ukie-club,847 N Franklin St,Philadelphia,PA,19123,7:30PM,3,12,17750271,FALSE,FALSE,NA,TRUE,https://link.dice.fm/Sada13a38525?pid=717f1d8a,NA,9
The Wldlfe,music,,/events/2026/11/12/the-wldlfe-tickets,Underground Arts,/venues/underground-arts,1200 Callowhill St,Philadelphia,PA,19107,8:00PM,1,16,17464351,FALSE,FALSE,NA,TRUE,https://tixr.com/af/dostuff/194075,NA,9
Victoria Monét: Frequency Of Love Tour,music,,/events/2026/11/12/victoria-monet-frequency-of-love-tour-tickets,The Met,/venues/the-met,858 N Broad St,Philadelphia,PA,19130,8:00PM,2,17,17838591,FALSE,FALSE,NA,TRUE,https://ticketmaster.evyy.net/c/253185/264167/4272?SharedId=DoStuff&u=https%3A%2F%2Fwww.ticketmaster.com%2Fvictoria-monet-frequency-of-love-tour-philadelphia-pennsylvania-11-12-2026%2Fevent%2F02006522B5634466,NA,9
Madeon presents Victory Live,music,,/events/2026/11/12/madeon-presents-victory-live-tickets,Franklin Music Hall,/venues/franklin-music-hall,421 N. 7th Street,Philadelphia,PA,19123,8:30PM,1,29,17327243,FALSE,FALSE,NA,TRUE,https://www.axs.com/events/1433618/madeon-presents-victory-live-tickets?cid=usaffdostuff,NA,9
Made In Philadelphia Market Series Holiday Market,market,,/events/2026/11/13/made-in-philadelphia-market-series-holiday-market-tickets,Dilworth Park,/venues/dilworth-park,1 S 15th St,Philadelphia,Pe,19102,12:00PM,4,13,17742377,TRUE,TRUE,Through Jan 01,TRUE,https://www.madeinphila.com,NA,9
Mojo Brookzz Outta Pocket Comedy Tour 2026,comedy,,/events/2026/11/13/mojo-brookzz-outta-pocket-comedy-tour-2026-tickets,The Met,/venues/the-met,858 N Broad St,Philadelphia,PA,19130,7:00PM,2,7,17338434,FALSE,FALSE,NA,TRUE,https://ticketmaster.evyy.net/c/253185/264167/4272?SharedId=DoStuff&u=https%3A%2F%2Fwww.ticketmaster.com%2Fmojo-brookzz-outta-pocket-comedy-tour-philadelphia-pennsylvania-11-13-2026%2Fevent%2F020064A6B4BFEB9B,NA,9
Beartooth,music,Pure Ecstasy World Tour,/events/2026/11/13/beartooth-tickets,Franklin Music Hall,/venues/franklin-music-hall,421 N. 7th Street,Philadelphia,PA,19123,8:00PM,1,29,17373117,FALSE,FALSE,NA,TRUE,https://www.axs.com/events/1443856/beartooth-tickets?cid=usaffdostuff,NA,9
Kansas,music,Presented by Camden County Board of Commissioners & Produced by BRE Presents,/events/2026/11/13/kansas-tickets,Scottish Rite Auditorium,/venues/scottish-rite-auditorium,315 White Horse Pike,Collingswood,NJ,08107,8:00PM,1,22,17380201,FALSE,FALSE,NA,TRUE,https://etix.prf.hn/click/camref:1011l3GdWo/pubref:dostuff/destination:https%3A%2F%2Fwww.etix.com%2Fticket%2Fp%2F78187659%2Fkansas-collingswood-scottish-rite-auditorium,NA,9
The National Dog Show,convention,Public Event,/events/2026/11/14/the-national-dog-show-tickets,Greater Philadelphia Expo Center at Oaks,/venues/greater-philadelphia-expo-center-at-oaks,100 Station Ave,Oaks,PA,19456,8:00AM,50,86,17528431,FALSE,FALSE,NA,TRUE,https://nds.nationaldogshow.com/,Enter for a chance to win a pair of tickets!,9
The Inquirer Food Festival 2026,music,,/events/2026/11/14/the-inquirer-food-festival-2026-tickets,The Fillmore,/venues/the-fillmore,29 East Allen Street,Philadelphia,PA,19123,11:00AM,7,8,17297037,FALSE,FALSE,NA,TRUE,https://ticketmaster.evyy.net/c/253185/264167/4272?SharedId=DoStuff&u=https%3A%2F%2Fwww.universe.com%2Fevents%2Fthe-inquirer-food-festival-2026-tickets-HCLX28%3Fref%3Dticketmaster,NA,9
Philly Wine Fest! Fall Edition,food-drink,,/events/2026/11/14/philly-wine-fest-fall-edition-tickets,Live! Casino & Hotel,/venues/live-casino-hotel,900 Packer Ave,Philadelphia,Pe,19148,12:00PM,93,94,17262791,FALSE,FALSE,NA,TRUE,NA,Enter for a chance to win a pair of tickets!,9
Trivium,music,CROWN IN THE GRAVE WORLD TOUR,/events/2026/11/14/trivium-tickets,Franklin Music Hall,/venues/franklin-music-hall,421 N. 7th Street,Philadelphia,PA,19123,6:35PM,2,30,17633708,FALSE,FALSE,NA,TRUE,https://www.axs.com/events/1518392/trivium-tickets?cid=usaffdostuff,NA,9
Temple Owls Football vs. UAB Blazers Football,sports,,/events/2026/11/14/temple-owls-football-vs-uab-blazers-football-tickets,Lincoln Financial Field,/venues/lincoln-financial-field,1020 Pattison Avenue,Philadelphia,PA,19147,7:00PM,2,3,17020994,FALSE,FALSE,NA,TRUE,https://ticketmaster.evyy.net/c/253185/264167/4272?SharedId=DoStuff&u=https%3A%2F%2Fwww.ticketmaster.com%2Fevent%2FZ7r9jZ1A7-pv4,NA,9
Temple University Owls Football vs. UAB Blazers Football,sports,,/events/2026/11/14/temple-university-owls-football-vs-uab-blazers-football-tickets,Lincoln Financial Field,/venues/lincoln-financial-field,1020 Pattison Avenue,Philadelphia,PA,19147,7:00PM,1,2,17575742,FALSE,FALSE,NA,TRUE,https://ticketmaster.evyy.net/c/253185/264167/4272?SharedId=DoStuff&u=https%3A%2F%2Fwww.ticketmaster.com%2Ftemple-university-owls-football-vs-uab-philadelphia-pennsylvania-11-14-2026%2Fevent%2F020064D8DDC8F58E,NA,9
Theresa Caputo,music,,/events/2026/11/14/theresa-caputo-tickets,Wind Creek Event Center,/venues/wind-creek-event-center,77 Wind Creek Blvd,Bethlehem,PA,18015,8:00PM,1,27,17340124,FALSE,FALSE,NA,TRUE,https://ticketmaster.evyy.net/c/253185/264167/4272?SharedId=DoStuff&u=https%3A%2F%2Fwww.ticketmaster.com%2Ftheresa-caputo-bethlehem-pennsylvania-11-14-2026%2Fevent%2F020064A7A3ADCA89,NA,9
Kansas,music,,/events/2026/11/14/kansas-tickets,Lansdowne Theater,/venues/lansdowne-theater,31 N. Lansdowne Ave,Lansdowne,PA,19050,8:00PM,2,23,17373077,FALSE,FALSE,NA,TRUE,https://etix.prf.hn/click/camref:1011l3GdWo/pubref:dostuff/destination:https%3A%2F%2Fwww.etix.com%2Fticket%2Fp%2F31345926%2Fkansas-lansdowne-lansdowne-theater,NA,9
Joe Russo's Almost Dead,music,,/events/2026/11/14/joe-russo-s-almost-dead-tickets,The Met,/venues/the-met,858 N Broad St,Philadelphia,PA,19130,8:00PM,1,27,17790681,FALSE,FALSE,NA,TRUE,https://ticketmaster.evyy.net/c/253185/264167/4272?SharedId=DoStuff&u=https%3A%2F%2Fwww.ticketmaster.com%2Fjoe-russos-almost-dead-philadelphia-pennsylvania-11-14-2026%2Fevent%2F0200651C798F74B0,NA,9
Theresa Caputo,music,,/events/2026/11/15/theresa-caputo-tickets,Wind Creek Event Center,/venues/wind-creek-event-center,77 Wind Creek Blvd,Bethlehem,PA,18015,2:00PM,1,27,17340125,FALSE,FALSE,NA,TRUE,https://ticketmaster.evyy.net/c/253185/264167/4272?SharedId=DoStuff&u=https%3A%2F%2Fwww.ticketmaster.com%2Ftheresa-caputo-bethlehem-pennsylvania-11-15-2026%2Fevent%2F020064A7A3D2CB09,NA,9
Blue October,music,Alt 104.5 Presents:,/events/2026/11/15/blue-october-tickets,The Fillmore,/venues/the-fillmore,29 East Allen Street,Philadelphia,PA,19123,8:00PM,1,27,17127496,FALSE,FALSE,NA,TRUE,https://ticketmaster.evyy.net/c/253185/264167/4272?SharedId=DoStuff&u=https%3A%2F%2Fwww.ticketmaster.com%2Falt-1045-presents-blue-october-philadelphia-pennsylvania-11-15-2026%2Fevent%2F02006472CEBAFBC4,NA,9
Sleep: North America 2026,music,,/events/2026/11/15/sleep-north-america-2026-tickets-eqzbxwd,Theater of the Living Arts,/venues/theater-of-the-living-arts,334 South St ,Philadelphia,PA,19147,8:00PM,2,28,17769568,FALSE,FALSE,NA,TRUE,https://ticketmaster.evyy.net/c/253185/264167/4272?SharedId=DoStuff&u=https%3A%2F%2Fwww.ticketmaster.com%2Fsleep-north-america-2026-philadelphia-pennsylvania-11-15-2026%2Fevent%2F020064D0AA96C1AF,NA,9
Imminence - Axis Mundi Tour: North America 2026,music,,/events/2026/11/17/imminence-north-america-2026-tickets,The Fillmore,/venues/the-fillmore,29 East Allen Street,Philadelphia,PA,19123,7:00PM,1,14,17500979,FALSE,FALSE,NA,TRUE,https://ticketmaster.evyy.net/c/253185/264167/4272?SharedId=DoStuff&u=https%3A%2F%2Fwww.ticketmaster.com%2Fimminence-axis-mundi-tour-north-america-philadelphia-pennsylvania-11-17-2026%2Fevent%2F020064CA1E256ED7,NA,9
Stewart Copeland - Have I Said Too Much,music,Presented by Elkton Music Hall.,/events/2026/11/18/stewart-copeland-have-i-said-too-much-tickets,Elkton Music Hall,/venues/elkton-music-hall,107 North St,Elkton,MD,21921,7:00PM,1,10,17281313,FALSE,FALSE,NA,FALSE,NA,NA,9
Roa,music,ZAMORA LIVE,/events/2026/11/18/roa-tickets,Franklin Music Hall,/venues/franklin-music-hall,421 N. 7th Street,Philadelphia,PA,19123,8:00PM,1,5,17796503,FALSE,FALSE,NA,TRUE,https://www.axs.com/events/1593705/roa-tickets?cid=usaffdostuff,NA,9
Daniel Sloss: BITTER (Brand New Tour!),comedy,,/events/2026/11/19/daniel-sloss-bitter-brand-new-tour-tickets,The Met,/venues/the-met,858 N Broad St,Philadelphia,PA,19130,7:00PM,1,20,16942690,FALSE,FALSE,NA,TRUE,https://ticketmaster.evyy.net/c/253185/264167/4272?SharedId=DoStuff&u=https%3A%2F%2Fwww.ticketmaster.com%2Fdaniel-sloss-bitter-brand-new-tour-philadelphia-pennsylvania-11-19-2026%2Fevent%2F0200643E072FDB2B,NA,10
Temple Owls Football vs. Rice Owls Football,sports,,/events/2026/11/19/philadelphia-ballet-w-dance-at-great-velocity-tickets-repj0y7,Lincoln Financial Field,/venues/lincoln-financial-field,1020 Pattison Avenue,Philadelphia,PA,19147,7:00PM,1,3,17020967,FALSE,FALSE,NA,TRUE,https://ticketmaster.evyy.net/c/253185/264167/4272?SharedId=DoStuff&u=https%3A%2F%2Fwww.ticketmaster.com%2Fevent%2FZ7r9jZ1A7-pvp,NA,10
SOMBR - You Are The Reason Tour,music,,/events/2026/11/19/sombr-you-are-the-reason-tour-tickets,Xfinity Mobile Arena,/venues/xfinity-mobile-arena,3601 S Broad St,Philadelphia,PA,19148,7:00PM,6,32,17218135,FALSE,FALSE,NA,TRUE,https://ticketmaster.evyy.net/c/253185/264167/4272?SharedId=DoStuff&u=https%3A%2F%2Fwww.ticketmaster.com%2Fsombr-you-are-the-reason-tour-philadelphia-pennsylvania-11-19-2026%2Fevent%2F300064898BE02142,NA,10
Temple University Owls Football vs. Rice Owls Football,sports,,/events/2026/11/19/temple-university-owls-football-vs-rice-owls-football-tickets,Lincoln Financial Field,/venues/lincoln-financial-field,1020 Pattison Avenue,Philadelphia,PA,19147,7:30PM,1,2,17575743,FALSE,FALSE,NA,TRUE,https://ticketmaster.evyy.net/c/253185/264167/4272?SharedId=DoStuff&u=https%3A%2F%2Fwww.ticketmaster.com%2Ftemple-university-owls-football-vs-rice-philadelphia-pennsylvania-11-19-2026%2Fevent%2F020064D8DDCCF5B9,NA,10
MAZE - Dressed in All White: The Homecoming,music,WDAS Presents,/events/2026/11/19/maze-dressed-in-all-white-the-homecoming-tickets,The Fillmore,/venues/the-fillmore,29 East Allen Street,Philadelphia,PA,19123,7:30PM,1,16,17850564,FALSE,FALSE,NA,TRUE,https://ticketmaster.evyy.net/c/253185/264167/4272?SharedId=DoStuff&u=https%3A%2F%2Fwww.ticketmaster.com%2Fwdas-presents-maze-dressed-in-all-philadelphia-pennsylvania-11-19-2026%2Fevent%2F02006521BAED7BC9,NA,10
caroline,music,,/events/2026/11/19/caroline-tickets,Underground Arts,/venues/underground-arts,1200 Callowhill St,Philadelphia,PA,19107,8:00PM,1,21,17338448,FALSE,FALSE,NA,TRUE,https://tixr.com/af/dostuff/189132,NA,10
Action Bronson & Human Growth Hormone,music,,/events/2026/11/19/action-bronson-human-growth-hormone-tickets,Franklin Music Hall,/venues/franklin-music-hall,421 N. 7th Street,Philadelphia,PA,19123,8:00PM,2,30,17808960,FALSE,FALSE,NA,TRUE,https://www.axs.com/events/1597315/action-bronson-human-growth-hormone-tickets?cid=usaffdostuff,NA,10
Steve Aoki,dj-parties,,/events/2026/11/19/steve-aoki-tickets,NOTO Philadelphia,/venues/noto-philadelphia,1209 Vine St,Philadelphia,Pe,19107,10:00PM,5,6,17762183,FALSE,FALSE,NA,TRUE,https://wl.seetickets.us/event/steve-aoki/702894?afflky=NotoPhiladelphia,NA,10
The Menzingers: Everything I Ever Saw North American Tour,music,,/events/2026/11/20/the-menzingers-everything-i-ever-saw-north-american-tour-tickets,The Fillmore,/venues/the-fillmore,29 East Allen Street,Philadelphia,PA,19123,6:30PM,3,29,17308856,FALSE,FALSE,NA,TRUE,https://ticketmaster.evyy.net/c/253185/264167/4272?SharedId=DoStuff&u=https%3A%2F%2Fwww.ticketmaster.com%2Fthe-menzingers-everything-i-ever-saw-philadelphia-pennsylvania-11-20-2026%2Fevent%2F0200649CEDC8465C,NA,10
Philadelphia Marathon,convention,,/events/2026/11/20/philadelphia-marathon-tickets,Pennsylvania Convention Center,/venues/pennsylvania-convention-center,1101 Arch St,Philadelphia,Pe,19107,7:00PM,2,3,16939050,FALSE,FALSE,NA,TRUE,https://www.paconvention.com/events/detail/philadelphia-marathon-26277,NA,10
The Little Prince,theatre-performing-arts,,/events/2026/11/20/the-little-prince-tickets,Wilma Theatre,/venues/wilma-theatre,265 S Broad St,Philadelphia,PA,19107,7:00PM,2,3,17692351,FALSE,FALSE,NA,TRUE,https://tickets.wilmatheater.org/103963/104148,NA,10
Angine De Poitrine,music,,/events/2026/11/20/angine-de-poitrine-tickets,Franklin Music Hall,/venues/franklin-music-hall,421 N. 7th Street,Philadelphia,PA,19123,8:00PM,1,6,17353116,FALSE,FALSE,NA,TRUE,https://www.axs.com/events/1443713/angine-de-poitrine-tickets?cid=usaffdostuff,NA,10
Wage War,music,EMERGENCY BROADCAST TOUR,/events/2026/11/21/wage-war-tickets,Franklin Music Hall,/venues/franklin-music-hall,421 N. 7th Street,Philadelphia,PA,19123,7:00PM,1,29,17471091,FALSE,FALSE,NA,TRUE,https://www.axs.com/events/1473930/wage-war-tickets?cid=usaffdostuff,NA,10
Zack Fox,music,,/events/2026/11/21/zack-fox-tickets,The Fillmore,/venues/the-fillmore,29 East Allen Street,Philadelphia,PA,19123,8:00PM,2,28,17528398,FALSE,FALSE,NA,TRUE,https://ticketmaster.evyy.net/c/253185/264167/4272?SharedId=DoStuff&u=https%3A%2F%2Fwww.ticketmaster.com%2Fzack-fox-philadelphia-pennsylvania-11-21-2026%2Fevent%2F020064D6C283225B,NA,10
Brian Posehn,comedy,,/events/2026/11/21/brian-posehn-tickets,Harrah's Philadelphia,/venues/harrah-s-philadelphia,NA,NA,NA,NA,8:00PM,1,27,17747119,FALSE,FALSE,NA,TRUE,https://ticketmaster.evyy.net/c/253185/264167/4272?SharedId=DoStuff&u=https%3A%2F%2Fwww.ticketmaster.com%2Fbrian-posehn-chester-pennsylvania-11-21-2026%2Fevent%2F02006506D0A80EDA,NA,10
Jerry Seinfeld,comedy,,/events/2026/11/21/jerry-seinfeld-tickets,The Met,/venues/the-met,858 N Broad St,Philadelphia,PA,19130,8:00PM,1,27,17865740,FALSE,FALSE,NA,TRUE,https://ticketmaster.evyy.net/c/253185/264167/4272?SharedId=DoStuff&u=https%3A%2F%2Fwww.ticketmaster.com%2Fjerry-seinfeld-philadelphia-pennsylvania-11-21-2026%2Fevent%2F0200652BEEFC4547,NA,10
PHLY Eagles Pre-Game Tailgate vs Steelers,sports,True Fan Travel Presents,/events/2026/11/22/phly-eagles-pre-game-tailgate-vs-steelers-tickets,Lincoln Financial Field,/venues/lincoln-financial-field,1020 Pattison Avenue,Philadelphia,PA,19147,12:30PM,35,61,17830183,FALSE,FALSE,NA,TRUE,https://allphly.com/events/,Enter to Win a pair of VIP Tailgate Passes,10
Philadelphia Eagles vs. Pittsburgh Steelers,sports,,/events/2026/11/22/philadelphia-eagles-vs-pittsburgh-steelers-tickets,Lincoln Financial Field,/venues/lincoln-financial-field,1020 Pattison Avenue,Philadelphia,PA,19147,4:25PM,3,4,17353046,FALSE,FALSE,NA,TRUE,https://ticketmaster.evyy.net/c/253185/264167/4272?SharedId=DoStuff&u=https%3A%2F%2Fwww.ticketmaster.com%2Fphiladelphia-eagles-vs-pittsburgh-steelers-philadelphia-pennsylvania-11-22-2026%2Fevent%2F0200646D9623A71C,NA,10
A Drag Queen Christmas,theatre-performing-arts,,/events/2026/11/22/a-drag-queen-christmas-tickets,The Fillmore,/venues/the-fillmore,29 East Allen Street,Philadelphia,PA,19123,7:30PM,2,3,17440879,FALSE,FALSE,NA,TRUE,https://ticketmaster.evyy.net/c/253185/264167/4272?SharedId=DoStuff&u=https%3A%2F%2Fwww.ticketmaster.com%2Fa-drag-queen-christmas-18-event-philadelphia-pennsylvania-11-22-2026%2Fevent%2F020064B491DF768D,NA,10
Tiny Habits,music,,/events/2026/11/22/tiny-habits-tickets,Brooklyn Bowl Philadelphia,/venues/brooklyn-bowl-philadelphia,1009 Canal St,Philadelphia,PA,19123,7:30PM,1,8,17517567,FALSE,FALSE,NA,TRUE,https://ticketmaster.evyy.net/c/253185/264167/4272?SharedId=DoStuff&u=https%3A%2F%2Fwww.ticketmaster.com%2Ftiny-habits-philadelphia-pennsylvania-11-22-2026%2Fevent%2F020064C4F5E8C285,NA,10
Opening Weekend: Independence Blue Cross RiverRink Winterfest,arts-family,,/events/2026/11/27/opening-weekend-independence-blue-cross-riverrink-winterfest-tickets,Independence Blue Cross RiverRink Winterfest,/venues/independence-blue-cross-riverrink-winterfest,NA,NA,NA,NA,11:00AM,3,4,17758357,FALSE,TRUE,Through Nov 29,TRUE,https://www.delawareriverwaterfront.com/what-to-do/opening-weekend-independence-blue-cross-riverrink-winterfest-2026,NA,10
DragonForce: Inhuman Rampage 20th Anniversary,music,,/events/2026/11/28/dragonforce-inhuman-rampage-20th-anniversary-tickets,The Fillmore,/venues/the-fillmore,29 East Allen Street,Philadelphia,PA,19123,7:30PM,1,27,17404804,FALSE,FALSE,NA,TRUE,https://ticketmaster.evyy.net/c/253185/264167/4272?SharedId=DoStuff&u=https%3A%2F%2Fwww.ticketmaster.com%2Fdragonforce-inhuman-rampage-20th-anniversary-philadelphia-pennsylvania-11-28-2026%2Fevent%2F020064B39B168613,NA,10
LA LA LAND In Concert Conducted by Esin Aydingoz,theatre-performing-arts,,/events/2026/11/28/la-la-land-in-concert-tickets,The Met,/venues/the-met,858 N Broad St,Philadelphia,PA,19130,8:00PM,1,2,17461042,FALSE,FALSE,NA,TRUE,https://ticketmaster.evyy.net/c/253185/264167/4272?SharedId=DoStuff&u=https%3A%2F%2Fwww.ticketmaster.com%2Fla-la-land-in-concert-conducted-philadelphia-pennsylvania-11-28-2026%2Fevent%2F020064BAB010B5F7,NA,10
Doja Cat - Tour Ma Vie World Tour,music,,/events/2026/11/29/doja-cat-tour-ma-vie-world-tour-tickets,Xfinity Mobile Arena,/venues/xfinity-mobile-arena,3601 S Broad St,Philadelphia,PA,19148,7:30PM,5,31,16455568,FALSE,FALSE,NA,TRUE,https://ticketmaster.evyy.net/c/253185/264167/4272?SharedId=DoStuff&u=https%3A%2F%2Fwww.ticketmaster.com%2Fdoja-cat-tour-ma-vie-world-philadelphia-pennsylvania-11-29-2026%2Fevent%2F3000633AC3E34D89,NA,10
Underoath - Define the Great Line 20th Anniversary Tour,music,,/events/2026/12/1/underoath-define-the-great-line-20th-anniversary-tour-tickets,The Fillmore,/venues/the-fillmore,29 East Allen Street,Philadelphia,PA,19123,6:30PM,1,27,17471071,FALSE,FALSE,NA,TRUE,https://ticketmaster.evyy.net/c/253185/264167/4272?SharedId=DoStuff&u=https%3A%2F%2Fwww.ticketmaster.com%2Funderoath-define-the-great-line-20th-philadelphia-pennsylvania-12-01-2026%2Fevent%2F020064C284527854,NA,10
Lindsey Stirling - The Snow Waltz Tour,music,,/events/2026/12/1/lindsey-stirling-the-snow-waltz-tour-tickets,The Met,/venues/the-met,858 N Broad St,Philadelphia,PA,19130,7:00PM,1,27,17762862,FALSE,FALSE,NA,TRUE,https://ticketmaster.evyy.net/c/253185/264167/4272?SharedId=DoStuff&u=https%3A%2F%2Fwww.ticketmaster.com%2Flindsey-stirling-the-snow-waltz-tour-philadelphia-pennsylvania-12-01-2026%2Fevent%2F02006513C310392B,NA,11
Sabaton: Legends on Tour,music,,/events/2026/12/2/sabaton-legends-on-tour-tickets,The Met,/venues/the-met,858 N Broad St,Philadelphia,PA,19130,7:00PM,1,24,16408583,FALSE,FALSE,NA,TRUE,https://ticketmaster.evyy.net/c/253185/264167/4272?SharedId=DoStuff&u=https%3A%2F%2Fwww.ticketmaster.com%2Fsabaton-legends-on-tour-philadelphia-pennsylvania-12-02-2026%2Fevent%2F0200632AC5B43896,NA,11
"Brett Goldstein: Sex, Death & Small Talk",comedy,,/events/2026/12/3/brett-goldstein-sex-death-small-talk-tickets,The Met,/venues/the-met,858 N Broad St,Philadelphia,PA,19130,7:00PM,1,27,17746978,FALSE,FALSE,NA,TRUE,https://ticketmaster.evyy.net/c/253185/264167/4272?SharedId=DoStuff&u=https%3A%2F%2Fwww.ticketmaster.com%2Fbrett-goldstein-sex-death-small-talk-philadelphia-pennsylvania-12-03-2026%2Fevent%2F0200650EDB65679A,NA,11
Personalized Signed Tour Poster: Brett Goldstein,music,,/events/2026/12/3/personalized-signed-tour-poster-brett-goldstein-tickets,The Met,/venues/the-met,858 N Broad St,Philadelphia,PA,19130,7:00PM,1,4,17746979,FALSE,FALSE,NA,TRUE,https://ticketmaster.evyy.net/c/253185/264167/4272?SharedId=DoStuff&u=https%3A%2F%2Fwww.ticketmaster.com%2Fpersonalized-signed-tour-poster-brett-goldstein-philadelphia-pennsylvania-12-03-2026%2Fevent%2F02006512F4E6159B,NA,11
RockyFest - 50th Anniversary!,arts-family,,/events/2026/12/3/rockyfest-50th-anniversary-tickets,Eastern State Penitentiary,/venues/eastern-state-penitentiary,2027 Fairmount Ave,Philadelphia,Pe,19130,7:00PM,2,3,17770617,FALSE,FALSE,NA,TRUE,https://easternstate.org/events/details/rockyfest-50th-anniversary,NA,11
Daily Bread - Vanishing Point Tour,music,,/events/2026/12/3/daily-bread-vanishing-point-tour-tickets,The Fillmore,/venues/the-fillmore,29 East Allen Street,Philadelphia,PA,19123,8:00PM,2,28,17725048,FALSE,FALSE,NA,TRUE,https://ticketmaster.evyy.net/c/253185/264167/4272?SharedId=DoStuff&u=https%3A%2F%2Fwww.ticketmaster.com%2Fdaily-bread-vanishing-point-tour-philadelphia-pennsylvania-12-03-2026%2Fevent%2F02006507D6635910,NA,11
Story Of The Year & Silverstein: CAMP SCREAMO TOUR,music,,/events/2026/12/4/story-of-the-year-silverstein-camp-screamo-tour-tickets,The Fillmore,/venues/the-fillmore,29 East Allen Street,Philadelphia,PA,19123,7:00PM,2,28,17662640,FALSE,FALSE,NA,TRUE,https://ticketmaster.evyy.net/c/253185/264167/4272?SharedId=DoStuff&u=https%3A%2F%2Fwww.ticketmaster.com%2Fstory-of-the-year-silverstein-camp-philadelphia-pennsylvania-12-04-2026%2Fevent%2F020064EF0F712019,NA,11
Turnover,music,Down On Earth,/events/2026/12/4/turnover-tickets,Franklin Music Hall,/venues/franklin-music-hall,421 N. 7th Street,Philadelphia,PA,19123,7:30PM,3,31,17528416,FALSE,FALSE,NA,TRUE,https://www.axs.com/events/1496411/turnover-tickets?cid=usaffdostuff,NA,11
Syd: Beard Tour,music,,/events/2026/12/5/syd-beard-tour-tickets,The Fillmore,/venues/the-fillmore,29 East Allen Street,Philadelphia,PA,19123,8:00PM,2,24,17850567,FALSE,FALSE,NA,TRUE,https://ticketmaster.evyy.net/c/253185/264167/4272?SharedId=DoStuff&u=https%3A%2F%2Fwww.ticketmaster.com%2Fsyd-beard-tour-philadelphia-pennsylvania-12-05-2026%2Fevent%2F0200652BEEEE44E6,NA,11
Straight No Chaser: Making Spirits Bright Tour,music,,/events/2026/12/6/straight-no-chaser-making-spirits-bright-tour-tickets,Hershey Theatre,/venues/hershey-theatre,15 E Caracas Ave,Hershey,PA,17033,2:30PM,2,28,17576992,FALSE,FALSE,NA,TRUE,https://ticketmaster.evyy.net/c/253185/264167/4272?SharedId=DoStuff&u=https%3A%2F%2Fwww.ticketmaster.com%2Fstraight-no-chaser-making-spirits-bright-hershey-pennsylvania-12-06-2026%2Fevent%2F020064E1D1DFEE6E,NA,11
Koffin Kats + Voodoo Glow Skulls,music,,/events/2026/12/6/koffin-kats-voodoo-glow-skulls-tickets,Underground Arts,/venues/underground-arts,1200 Callowhill St,Philadelphia,PA,19107,7:00PM,1,27,17746952,FALSE,FALSE,NA,TRUE,https://tixr.com/af/dostuff/203161,NA,11
Straight No Chaser: Making Spirits Bright Tour,music,,/events/2026/12/6/straight-no-chaser-making-spirits-bright-tour-tickets-8alkyjx,Hershey Theatre,/venues/hershey-theatre,15 E Caracas Ave,Hershey,PA,17033,7:30PM,1,27,17576994,FALSE,FALSE,NA,TRUE,https://ticketmaster.evyy.net/c/253185/264167/4272?SharedId=DoStuff&u=https%3A%2F%2Fwww.ticketmaster.com%2Fstraight-no-chaser-making-spirits-bright-hershey-pennsylvania-12-06-2026%2Fevent%2F020064E1D1E1EE72,NA,11
Gwar,music,,/events/2026/12/11/gwar-tickets,The Fillmore,/venues/the-fillmore,29 East Allen Street,Philadelphia,PA,19123,7:00PM,2,28,17282930,FALSE,FALSE,NA,TRUE,https://ticketmaster.evyy.net/c/253185/264167/4272?SharedId=DoStuff&u=https%3A%2F%2Fwww.ticketmaster.com%2Fgwar-philadelphia-pennsylvania-12-11-2026%2Fevent%2F02006497B7DB71AA,NA,11
"Home For The Holidays: All-4-One, Sheena Easton, Ruben Studdard, and Lindsey Webster",music,,/events/2026/12/11/home-for-the-holidays-all-4-one-sheena-easton-ruben-studdard-and-lindsey-webster-tickets,Lansdowne Theater,/venues/lansdowne-theater,31 N. Lansdowne Ave,Lansdowne,PA,19050,8:00PM,3,22,17800125,FALSE,FALSE,NA,TRUE,https://etix.prf.hn/click/camref:1011l3GdWo/pubref:dostuff/destination:https%3A%2F%2Fwww.etix.com%2Fticket%2Fp%2F98897703%2Fhome-for-the-holidaysall4onesheena-eastonruben-studdardand-lindsey-webster-lansdowne-lansdowne-theater,NA,11
Annual Holiday Bazaar,market,Shadowscene Presents,/events/2026/12/12/annual-holiday-bazaar-tickets,Star|Bolt,/venues/star-bolt,1936 N Front St,Philadelphia,PA,19122,12:00PM,11,12,17806008,TRUE,FALSE,NA,FALSE,NA,RSVP for Entry,11
An Evening with Lord Huron,music,,/events/2026/12/12/an-evening-with-lord-huron-tickets,The Met,/venues/the-met,858 N Broad St,Philadelphia,PA,19130,8:00PM,2,28,17692313,FALSE,FALSE,NA,TRUE,https://ticketmaster.evyy.net/c/253185/264167/4272?SharedId=DoStuff&u=https%3A%2F%2Fwww.ticketmaster.com%2Fan-evening-with-lord-huron-philadelphia-pennsylvania-12-12-2026%2Fevent%2F020064FBB561F75F,NA,11
PHLY Eagles Pre-Game Tailgate vs Colts,sports,True Fan Travel Presents,/events/2026/12/13/phly-eagles-pre-game-tailgate-vs-colts-tickets,Lincoln Financial Field,/venues/lincoln-financial-field,1020 Pattison Avenue,Philadelphia,PA,19147,9:00AM,26,50,17830186,FALSE,FALSE,NA,TRUE,https://allphly.com/events/,Enter to Win a pair of VIP Tailgate Passes,11
Philadelphia Eagles vs. Indianapolis Colts,sports,,/events/2026/12/13/philadelphia-eagles-vs-indianapolis-colts-tickets,Lincoln Financial Field,/venues/lincoln-financial-field,1020 Pattison Avenue,Philadelphia,PA,19147,1:00PM,3,4,17353056,FALSE,FALSE,NA,TRUE,https://ticketmaster.evyy.net/c/253185/264167/4272?SharedId=DoStuff&u=https%3A%2F%2Fwww.ticketmaster.com%2Fphiladelphia-eagles-vs-indianapolis-colts-philadelphia-pennsylvania-12-13-2026%2Fevent%2F0200646D9617A6F6,NA,11
'Twas the Night Before... by Cirque du Soleil,theatre-performing-arts,,/events/2026/12/17/twas-the-night-before-by-cirque-du-soleil-tickets,The Met,/venues/the-met,858 N Broad St,Philadelphia,PA,19130,7:30PM,2,3,17633689,FALSE,FALSE,NA,TRUE,https://ticketmaster.evyy.net/c/253185/264167/4272?SharedId=DoStuff&u=https%3A%2F%2Fwww.ticketmaster.com%2Ftwas-the-night-before-by-cirque-philadelphia-pennsylvania-12-17-2026%2Fevent%2F020064EBFE5FE56B,NA,11
UpDating,comedy,,/events/2026/12/17/updating-tickets,The Fillmore,/venues/the-fillmore,29 East Allen Street,Philadelphia,PA,19123,8:00PM,1,11,17850565,FALSE,FALSE,NA,TRUE,https://ticketmaster.evyy.net/c/253185/264167/4272?SharedId=DoStuff&u=https%3A%2F%2Fwww.ticketmaster.com%2Fupdating-18-event-philadelphia-pennsylvania-12-17-2026%2Fevent%2F0200652EA950B415,NA,11
'Twas the Night Before... by Cirque du Soleil,theatre-performing-arts,,/events/2026/12/18/twas-the-night-before-by-cirque-du-soleil-tickets,The Met,/venues/the-met,858 N Broad St,Philadelphia,PA,19130,7:30PM,2,3,17633690,FALSE,FALSE,NA,TRUE,https://ticketmaster.evyy.net/c/253185/264167/4272?SharedId=DoStuff&u=https%3A%2F%2Fwww.ticketmaster.com%2Ftwas-the-night-before-by-cirque-philadelphia-pennsylvania-12-18-2026%2Fevent%2F020064EBFEC5E890,NA,11
they are gutting a body of water,music,,/events/2026/12/18/they-are-gutting-a-body-of-water-tickets,Union Transfer,/venues/union-transfer,1026 Spring Garden St.,Philadelphia,PA,19123,8:00PM,2,13,17373141,FALSE,FALSE,NA,TRUE,https://www.axs.com/events/1454072/they-are-gutting-a-body-of-water-tickets?cid=usaffdostuff,NA,11
'Twas the Night Before... by Cirque du Soleil,theatre-performing-arts,,/events/2026/12/19/twas-the-night-before-by-cirque-du-soleil-tickets,The Met,/venues/the-met,858 N Broad St,Philadelphia,PA,19130,1:00PM,2,3,17633692,FALSE,FALSE,NA,TRUE,https://ticketmaster.evyy.net/c/253185/264167/4272?SharedId=DoStuff&u=https%3A%2F%2Fwww.ticketmaster.com%2Ftwas-the-night-before-by-cirque-philadelphia-pennsylvania-12-19-2026%2Fevent%2F020064EBFF39EB52,NA,11
PHLY Eagles Pre-Game Tailgate vs Seahawks,sports,True Fan Travel Presents,/events/2026/12/19/phly-eagles-pre-game-tailgate-vs-seahawks-tickets,Lincoln Financial Field,/venues/lincoln-financial-field,1020 Pattison Avenue,Philadelphia,PA,19147,1:00PM,28,53,17830197,FALSE,FALSE,NA,TRUE,https://allphly.com/events/,Enter to Win a pair of VIP Tailgate Passes,11
Philadelphia Eagles vs. Seattle Seahawks,sports,,/events/2026/12/19/philadelphia-eagles-vs-seattle-seahawks-tickets,Lincoln Financial Field,/venues/lincoln-financial-field,1020 Pattison Avenue,Philadelphia,PA,19147,5:00PM,3,4,17353058,FALSE,FALSE,NA,TRUE,https://ticketmaster.evyy.net/c/253185/264167/4272?SharedId=DoStuff&u=https%3A%2F%2Fwww.ticketmaster.com%2Fphiladelphia-eagles-vs-seattle-seahawks-philadelphia-pennsylvania-12-19-2026%2Fevent%2F0200646D962BA73A,NA,11
'Twas the Night Before... by Cirque du Soleil,theatre-performing-arts,,/events/2026/12/20/twas-the-night-before-by-cirque-du-soleil-tickets,The Met,/venues/the-met,858 N Broad St,Philadelphia,PA,19130,3:00PM,1,2,17633693,FALSE,FALSE,NA,TRUE,https://ticketmaster.evyy.net/c/253185/264167/4272?SharedId=DoStuff&u=https%3A%2F%2Fwww.ticketmaster.com%2Ftwas-the-night-before-by-cirque-philadelphia-pennsylvania-12-20-2026%2Fevent%2F020064EB00DFF6CF,NA,12
Anthony Robustiano Live!,comedy,,/events/2026/12/20/anthony-robustiano-live-tickets,The Fillmore,/venues/the-fillmore,29 East Allen Street,Philadelphia,PA,19123,8:00PM,1,3,17461032,FALSE,FALSE,NA,TRUE,https://ticketmaster.evyy.net/c/253185/264167/4272?SharedId=DoStuff&u=https%3A%2F%2Fwww.ticketmaster.com%2Fanthony-robustiano-live-philadelphia-pennsylvania-12-20-2026%2Fevent%2F020064C4178035CC,NA,12
"ANDREA BOCELLI ""Romanza - 30th Anniversary World Tour""",music,,/events/2026/12/22/andrea-bocelli-romanza-30th-anniversary-world-tour-tickets,Xfinity Mobile Arena,/venues/xfinity-mobile-arena,3601 S Broad St,Philadelphia,PA,19148,8:00PM,1,27,17020983,FALSE,FALSE,NA,TRUE,https://ticketmaster.evyy.net/c/253185/264167/4272?SharedId=DoStuff&u=https%3A%2F%2Fwww.ticketmaster.com%2Fandrea-bocelli-romanza-30th-anniversary-world-philadelphia-pennsylvania-12-22-2026%2Fevent%2F30006439F2D5709C,NA,12
'Twas the Night Before... by Cirque du Soleil,theatre-performing-arts,,/events/2026/12/23/twas-the-night-before-by-cirque-du-soleil-tickets,The Met,/venues/the-met,858 N Broad St,Philadelphia,PA,19130,1:00PM,1,2,17633694,FALSE,FALSE,NA,TRUE,https://ticketmaster.evyy.net/c/253185/264167/4272?SharedId=DoStuff&u=https%3A%2F%2Fwww.ticketmaster.com%2Ftwas-the-night-before-by-cirque-philadelphia-pennsylvania-12-23-2026%2Fevent%2F020064EB03651E35,NA,12
'Twas the Night Before... by Cirque du Soleil,theatre-performing-arts,,/events/2026/12/24/twas-the-night-before-by-cirque-du-soleil-tickets,The Met,/venues/the-met,858 N Broad St,Philadelphia,PA,19130,12:00PM,1,2,17633695,FALSE,FALSE,NA,TRUE,https://ticketmaster.evyy.net/c/253185/264167/4272?SharedId=DoStuff&u=https%3A%2F%2Fwww.ticketmaster.com%2Ftwas-the-night-before-by-cirque-philadelphia-pennsylvania-12-24-2026%2Fevent%2F020064EB042D24C9,NA,12
Philadelphia Eagles vs. Houston Texans,sports,,/events/2026/12/24/philadelphia-eagles-vs-houston-texans-tickets,Lincoln Financial Field,/venues/lincoln-financial-field,1020 Pattison Avenue,Philadelphia,PA,19147,8:15PM,3,4,17353060,FALSE,FALSE,NA,TRUE,https://ticketmaster.evyy.net/c/253185/264167/4272?SharedId=DoStuff&u=https%3A%2F%2Fwww.ticketmaster.com%2Fphiladelphia-eagles-vs-houston-texans-philadelphia-pennsylvania-12-24-2026%2Fevent%2F0200646D9613A6DA,NA,12
'Twas the Night Before... by Cirque du Soleil,theatre-performing-arts,,/events/2026/12/26/twas-the-night-before-by-cirque-du-soleil-tickets,The Met,/venues/the-met,858 N Broad St,Philadelphia,PA,19130,4:00PM,1,2,17633696,FALSE,FALSE,NA,TRUE,https://ticketmaster.evyy.net/c/253185/264167/4272?SharedId=DoStuff&u=https%3A%2F%2Fwww.ticketmaster.com%2Ftwas-the-night-before-by-cirque-philadelphia-pennsylvania-12-26-2026%2Fevent%2F020064EB04F52D1A,NA,12
'Twas the Night Before... by Cirque du Soleil,theatre-performing-arts,,/events/2026/12/27/twas-the-night-before-by-cirque-du-soleil-tickets,The Met,/venues/the-met,858 N Broad St,Philadelphia,PA,19130,3:00PM,1,2,17633698,FALSE,FALSE,NA,TRUE,https://ticketmaster.evyy.net/c/253185/264167/4272?SharedId=DoStuff&u=https%3A%2F%2Fwww.ticketmaster.com%2Ftwas-the-night-before-by-cirque-philadelphia-pennsylvania-12-27-2026%2Fevent%2F020064EB070F40EB,NA,12
Start Making Sense: Talking Heads Tribute,music,,/events/2026/12/27/start-making-sense-talking-heads-tribute-tickets,Ardmore Music Hall,/venues/ardmore-music-hall,23 E Lancaster Ave,Ardmore,Pe,19003,8:00PM,4,17,17767978,FALSE,FALSE,NA,TRUE,https://tixr.com/af/dostuff/202422,NA,12
Zoso: The Ultimate Led Zeppelin Experience,music,,/events/2027/1/7/zoso-the-ultimate-led-zeppelin-experience-tickets,Ardmore Music Hall,/venues/ardmore-music-hall,23 E Lancaster Ave,Ardmore,Pe,19003,8:00PM,1,2,17690647,FALSE,FALSE,NA,TRUE,https://tixr.com/af/dostuff/199923,NA,12
Philadelphia Intl. Auto Show 2027,convention,,/events/2027/1/16/philadelphia-intl-auto-show-2027-tickets,Pennsylvania Convention Center,/venues/pennsylvania-convention-center,1101 Arch St,Philadelphia,Pe,19107,7:00PM,3,4,16199077,FALSE,TRUE,Through Jan 24,TRUE,https://www.paconvention.com/events/detail/philadelphia-intl-auto-show-2027-21490,NA,12
G. Love & Special Sauce,music,,/events/2027/1/21/g-love-special-sauce-tickets,Ardmore Music Hall,/venues/ardmore-music-hall,23 E Lancaster Ave,Ardmore,Pe,19003,8:00PM,2,28,17851912,FALSE,FALSE,NA,TRUE,https://tixr.com/af/dostuff/206667,NA,12
Stella Lefty: Long Way Home Tour,music,,/events/2027/1/22/stella-lefty-long-way-home-tour-tickets,The Met,/venues/the-met,858 N Broad St,Philadelphia,PA,19130,8:00PM,2,6,17762863,FALSE,FALSE,NA,TRUE,https://ticketmaster.evyy.net/c/253185/264167/4272?SharedId=DoStuff&u=https%3A%2F%2Fwww.ticketmaster.com%2Fstella-lefty-long-way-home-tour-philadelphia-pennsylvania-01-22-2027%2Fevent%2F02006513C3FB3BD3,NA,12
Aaron Chen - Technology,comedy,,/events/2027/1/23/aaron-chen-technology-tickets,The Fillmore,/venues/the-fillmore,29 East Allen Street,Philadelphia,PA,19123,7:00PM,1,3,17850566,FALSE,FALSE,NA,TRUE,https://ticketmaster.evyy.net/c/253185/264167/4272?SharedId=DoStuff&u=https%3A%2F%2Fwww.ticketmaster.com%2Faaron-chen-technology-philadelphia-pennsylvania-01-23-2027%2Fevent%2F0200652CFF96D3D3,NA,12
Twinsick,music,Good Company 2027,/events/2027/1/29/twinsick-tickets,Franklin Music Hall,/venues/franklin-music-hall,421 N. 7th Street,Philadelphia,PA,19123,8:30PM,1,12,17861734,FALSE,FALSE,NA,TRUE,https://www.axs.com/events/1604442/twinsick-18-event-tickets?cid=usaffdostuff,NA,12
Dylan Scott,music,,/events/2027/2/4/dylan-scott-tickets,The Fillmore,/venues/the-fillmore,29 East Allen Street,Philadelphia,PA,19123,7:30PM,1,27,17861732,FALSE,FALSE,NA,TRUE,https://ticketmaster.evyy.net/c/253185/264167/4272?SharedId=DoStuff&u=https%3A%2F%2Fwww.ticketmaster.com%2Fdylan-scott-philadelphia-pennsylvania-02-04-2027%2Fevent%2F0200652AE3A47089,NA,12
Alan Walker,music,,/events/2027/2/9/alan-walker-tickets,The Fillmore,/venues/the-fillmore,29 East Allen Street,Philadelphia,PA,19123,8:00PM,1,27,17850563,FALSE,FALSE,NA,TRUE,https://ticketmaster.evyy.net/c/253185/264167/4272?SharedId=DoStuff&u=https%3A%2F%2Fwww.ticketmaster.com%2Falan-walker-philadelphia-pennsylvania-02-09-2027%2Fevent%2F02006522EEF08C7E,NA,12
Aries Spears,comedy,,/events/2027/2/13/aries-spears-tickets,The Met,/venues/the-met,858 N Broad St,Philadelphia,PA,19130,7:30PM,1,26,17771536,FALSE,FALSE,NA,TRUE,https://ticketmaster.evyy.net/c/253185/264167/4272?SharedId=DoStuff&u=https%3A%2F%2Fwww.ticketmaster.com%2Faries-spears-philadelphia-pennsylvania-02-13-2027%2Fevent%2F02006513C4723D6C,NA,12
Twilight In Concert,music,,/events/2027/2/21/twilight-in-concert-tickets,Hershey Theatre,/venues/hershey-theatre,15 E Caracas Ave,Hershey,PA,17033,7:00PM,1,2,17828225,FALSE,FALSE,NA,TRUE,https://ticketmaster.evyy.net/c/253185/264167/4272?SharedId=DoStuff&u=https%3A%2F%2Fwww.ticketmaster.com%2Ftwilight-in-concert-hershey-pennsylvania-02-21-2027%2Fevent%2F02006521CE09D974,NA,12
Joe Bonamassa,music,,/events/2027/2/24/joe-bonamassa-tickets,Hershey Theatre,/venues/hershey-theatre,15 E Caracas Ave,Hershey,PA,17033,8:00PM,1,27,17576990,FALSE,FALSE,NA,TRUE,https://ticketmaster.evyy.net/c/253185/264167/4272?SharedId=DoStuff&u=https%3A%2F%2Fwww.ticketmaster.com%2Fjoe-bonamassa-hershey-pennsylvania-02-24-2027%2Fevent%2F020064DEEB42960B,NA,12
The Legend Of Korra In Concert,music,,/events/2027/3/3/the-legend-of-korra-in-concert-tickets,The Met,/venues/the-met,858 N Broad St,Philadelphia,PA,19130,7:30PM,1,2,17616922,FALSE,FALSE,NA,TRUE,https://ticketmaster.evyy.net/c/253185/264167/4272?SharedId=DoStuff&u=https%3A%2F%2Fwww.ticketmaster.com%2Fthe-legend-of-korra-in-concert-philadelphia-pennsylvania-03-03-2027%2Fevent%2F020064EAD13AD7F6,NA,12
CRYSTAL METHYD The Enchanted Forest,theatre-performing-arts,,/events/2027/3/3/crystal-methyd-the-enchanted-forest-tickets,The Fillmore,/venues/the-fillmore,29 East Allen Street,Philadelphia,PA,19123,8:00PM,1,5,17633668,FALSE,FALSE,NA,TRUE,https://ticketmaster.evyy.net/c/253185/264167/4272?SharedId=DoStuff&u=https%3A%2F%2Fwww.ticketmaster.com%2Fcrystal-methyd-the-enchanted-forest-18-philadelphia-pennsylvania-03-03-2027%2Fevent%2F020064EA8DF7A6F4,NA,12
Polyphia: BE NOT AFRAID World Tour,music,,/events/2027/3/5/polyphia-tour-mmxxvi-tickets,The Fillmore,/venues/the-fillmore,29 East Allen Street,Philadelphia,PA,19123,7:30PM,1,25,17500980,FALSE,FALSE,NA,TRUE,https://ticketmaster.evyy.net/c/253185/264167/4272?SharedId=DoStuff&u=https%3A%2F%2Fwww.ticketmaster.com%2Fpolyphia-be-not-afraid-world-tour-philadelphia-pennsylvania-03-05-2027%2Fevent%2F020064CAA1B4D6EE,NA,12
Joe Hisaishi Returns,music,,/events/2027/3/5/joe-hisaishi-returns-tickets,Marian Anderson Hall,/venues/marian-anderson-hall,300 S Broad St,Philadelphia,PA,19102,8:00PM,1,3,16898322,FALSE,FALSE,NA,TRUE,https://www.ensembleartsphilly.org/tickets-and-events/philadelphia-orchestra/2026-27-season/joe-hisaishi-returns,NA,12
Joe Hisaishi in Concert,music,,/events/2027/3/6/joe-hisaishi-returns-tickets,Marian Anderson Hall,/venues/marian-anderson-hall,300 S Broad St,Philadelphia,PA,19102,8:00PM,1,3,16898325,FALSE,FALSE,NA,TRUE,https://www.ensembleartsphilly.org/tickets-and-events/philadelphia-orchestra/2026-27-season/joe-hisaishi-returns,NA,12
Joe Hisaishi in Concert,music,,/events/2027/3/7/joe-hisaishi-returns-tickets,Marian Anderson Hall,/venues/marian-anderson-hall,300 S Broad St,Philadelphia,PA,19102,2:00PM,1,3,16898326,FALSE,FALSE,NA,TRUE,https://www.ensembleartsphilly.org/tickets-and-events/philadelphia-orchestra/2026-27-season/joe-hisaishi-returns,NA,13
Pennsylvania Horticultural Society:Philadelphia Flower Show 2027,convention,,/events/2027/3/13/pennsylvania-horticultural-society-philadelphia-flower-show-20273-tickets,Pennsylvania Convention Center,/venues/pennsylvania-convention-center,1101 Arch St,Philadelphia,Pe,19107,7:00PM,2,3,16923948,FALSE,TRUE,Through Mar 21,TRUE,https://www.paconvention.com/events/detail/pennsylvania-horticultural-society-philadelphia-flower-show-20273-19999,NA,13
Michelle Branch,music,Everywhere And Back Again Tour,/events/2027/3/27/michelle-branch-tickets,Franklin Music Hall,/venues/franklin-music-hall,421 N. 7th Street,Philadelphia,PA,19123,8:30PM,3,31,17742774,FALSE,FALSE,NA,TRUE,https://www.axs.com/events/1558303/michelle-branch-tickets?cid=usaffdostuff,NA,13
Made In Philadelphia Market Series Spring Market,market,,/events/2027/4/10/made-in-philadelphia-market-series-spring-market-tickets,Dilworth Park,/venues/dilworth-park,1 S 15th St,Philadelphia,Pe,19102,12:00PM,3,16,17742381,TRUE,TRUE,Through Apr 12,TRUE,https://www.madeinphila.com,NA,13
Nothing But Thieves: The Stray Dogs World Tour,music,,/events/2027/4/16/nothing-but-thieves-the-stray-dogs-world-tour-tickets,The Fillmore,/venues/the-fillmore,29 East Allen Street,Philadelphia,PA,19123,8:00PM,1,27,17404799,FALSE,FALSE,NA,TRUE,https://ticketmaster.evyy.net/c/253185/264167/4272?SharedId=DoStuff&u=https%3A%2F%2Fwww.ticketmaster.com%2Fnothing-but-thieves-the-stray-dogs-philadelphia-pennsylvania-04-16-2027%2Fevent%2F020064B694BB806C,NA,13
Luke Combs - My Kinda Saturday Night Tour 2027,music,,/events/2027/4/24/luke-combs-my-kinda-saturday-night-tour-2027-tickets,Lincoln Financial Field,/venues/lincoln-financial-field,1020 Pattison Avenue,Philadelphia,PA,19147,5:20PM,2,28,17727450,FALSE,FALSE,NA,TRUE,https://ticketmaster.evyy.net/c/253185/264167/4272?SharedId=DoStuff&u=https%3A%2F%2Fwww.ticketmaster.com%2Fluke-combs-my-kinda-saturday-night-philadelphia-pennsylvania-04-24-2027%2Fevent%2F0200650AD64CFAEB,NA,13
Fkj Tyber Tour,music,,/events/2027/6/3/fkj-tyber-tour-tickets,The Fillmore,/venues/the-fillmore,29 East Allen Street,Philadelphia,PA,19123,8:00PM,1,27,17440881,FALSE,FALSE,NA,TRUE,https://ticketmaster.evyy.net/c/253185/264167/4272?SharedId=DoStuff&u=https%3A%2F%2Fwww.ticketmaster.com%2Ffkj-tyber-tour-philadelphia-pennsylvania-06-03-2027%2Fevent%2F020064BBEF472F34,NA,13
Kenny Chesney: The Original Vibe Room Tour with Eric Church,music,,/events/2027/6/12/kenny-chesney-the-original-vibe-room-tour-with-eric-church-tickets,Lincoln Financial Field,/venues/lincoln-financial-field,1020 Pattison Avenue,Philadelphia,PA,19147,4:30PM,1,27,17853407,FALSE,FALSE,NA,TRUE,https://ticketmaster.evyy.net/c/253185/264167/4272?SharedId=DoStuff&u=https%3A%2F%2Fwww.ticketmaster.com%2Fkenny-chesney-the-original-vibe-room-philadelphia-pennsylvania-06-12-2027%2Fevent%2F02006528CD61C950,NA,13
Yusuf / Cat Stevens: Cat On The Road To Findout - The Book Tour,music,,/events/2027/9/28/yusuf-cat-stevens-cat-on-the-road-to-findout-the-book-tour-tickets,The Met,/venues/the-met,858 N Broad St,Philadelphia,PA,19130,8:00PM,3,29,15998990,FALSE,FALSE,NA,TRUE,https://ticketmaster.evyy.net/c/253185/264167/4272?SharedId=DoStuff&u=https%3A%2F%2Fwww.ticketmaster.com%2Fyusuf-cat-stevens-cat-on-the-philadelphia-pennsylvania-09-28-2027%2Fevent%2F020062AFC57A3ABB,NA,13
